Workbook

Sheet GRUPOS
A39: Grupo | B39: Equipos
A40: A | B40: México | C40: Sudáfrica | D40: Corea del Sur | E40: Chequia
A41: B | B41: Canadá | C41: Bosnia y Herzegovina | D41: Qatar | E41: Suiza
A42: C | B42: Brasil | C42: Marruecos | D42: Haití | E42: Escocia
A43: D | B43: Estados Unidos | C43: Paraguay | D43: Australia | E43: Turquía
A44: E | B44: Alemania | C44: Curazao | D44: Costa de Marfil | E44: Ecuador
A45: F | B45: Países Bajos | C45: Japón | D45: Suecia | E45: Túnez
A46: G | B46: Bélgica | C46: Egipto | D46: Irán | E46: Nueva Zelanda
A47: H | B47: España | C47: Cabo Verde | D47: Arabia Saudita | E47: Uruguay
A48: I | B48: Francia | C48: Senegal | D48: Irak | E48: Noruega
A49: J | B49: Argentina | C49: Argelia | D49: Austria | E49: Jordania
A50: K | B50: Portugal | C50: RD Congo | D50: Uzbekistán | E50: Colombia
A51: L | B51: Inglaterra | C51: Croacia | D51: Ghana | E51: Panamá

Sheet Primera Fase
O5: RESULTADOS | AC5: G | AD5: RESULTADOS POR GRUPO
B6: Día | C6: Hora | E6: Estadio | F6: G | G6: Equipos | H6: Resultado | I6: Marcador | K6: Resultado | L6: Equipos | M6: G | O6: G | P6: Equipos | Q6: Partidos | U6: Puntos | V6: Detalle Goles | Z6: Goles | AA6: Lugar | AD6: Posición | AE6: Equipo
B7: 11/06/2026 | C7: 13:00 | D7: México vs Sudáfrica | E7: Estadio Ciudad de México (Ciudad de México) | F7: {=_xlfn.XLOOKUP(TRUE,(GRUPOS!$B$40:$B$51=G7)+(GRUPOS!$C$40:$C$51=G7)+(GRUPOS!$D$40:$D$51=G7)+(GRUPOS!$E$40:$E$51=G7)>0,GRUPOS!$A$40:$A$51)} -> A | G7: =LEFT(D7,FIND(" vs ",D7)-1) -> México | H7: Ganó | I7: 2 | J7: 0 | K7: Perdió | L7: =MID(D7,FIND(" vs ",D7)+4,LEN(D7)) -> Sudáfrica | M7: {=_xlfn.XLOOKUP(TRUE,(GRUPOS!$B$40:$B$51=L7)+(GRUPOS!$C$40:$C$51=L7)+(GRUPOS!$D$40:$D$51=L7)+(GRUPOS!$E$40:$E$51=L7)>0,GRUPOS!$A$40:$A$51)} -> A | O7: A | P7: México | Q7: {=IFERROR(CHOOSE(MATCH(INDEX(_xlfn._xlws.FILTER($H$7:$H$1000,$G$7:$G$1000=P7),1),{"Perdió","Empató","Ganó"},0),0,1,3),"")} -> 3 | R7: {=IFERROR(CHOOSE(MATCH(INDEX(_xlfn._xlws.FILTER($H$7:$H$1000,$G$7:$G$1000=P7),2),{"Perdió","Empató","Ganó"},0),0,1,3),"")} | S7: {=IFERROR(CHOOSE(MATCH(INDEX(_xlfn._xlws.FILTER($K$7:$K$1000,$L$7:$L$1000=P7),1),{"Perdió","Empató","Ganó"},0),0,1,3),"")} | T7: {=IFERROR(CHOOSE(MATCH(INDEX(_xlfn._xlws.FILTER($K$7:$K$1000,$L$7:$L$1000=P7),2),{"Perdió","Empató","Ganó"},0),0,1,3),"")} | U7: =SUM(Q7:S7) -> 3 | V7: {=IFERROR(INDEX(_xlfn._xlws.FILTER($I$7:$I$1000-$J$7:$J$1000,$G$7:$G$1000=P7),1),"")} -> 2 | W7: {=IFERROR(INDEX(_xlfn._xlws.FILTER($I$7:$I$1000-$J$7:$J$1000,$G$7:$G$1000=P7),2),"")} -> 0 | X7: {=IFERROR(INDEX(_xlfn._xlws.FILTER($J$7:$J$1000-$I$7:$I$1000,$L$7:$L$1000=P7),1),"")} -> 0 | Y7: {=IFERROR(INDEX(_xlfn._xlws.FILTER($J$7:$J$1000-$I$7:$I$1000,$L$7:$L$1000=P7),2),"")} | Z7: =SUM(V7:Y7) -> 2 | AA7: {=1+SUMPRODUCT(($U$7:$U$10>U7)+(($U$7:$U$10=U7)*($Z$7:$Z$10>Z7)))} -> 1 | AC7: A | AD7: 1 | AE7: {=IFERROR(_xlfn.TEXTJOIN(" - ",TRUE,_xlfn._xlws.FILTER($P$7:$P$10,$AA$7:$AA$10=1)),"")} -> México
B8: 11/06/2026 | C8: 20:00 | D8: Corea del Sur vs Chequia | E8: Estadio Guadalajara (Guadalajara) | F8: {=_xlfn.XLOOKUP(TRUE,(GRUPOS!$B$40:$B$51=G8)+(GRUPOS!$C$40:$C$51=G8)+(GRUPOS!$D$40:$D$51=G8)+(GRUPOS!$E$40:$E$51=G8)>0,GRUPOS!$A$40:$A$51)} -> A | G8: =LEFT(D8,FIND(" vs ",D8)-1) -> Corea del Sur | H8: Ganó | I8: 2 | J8: 1 | K8: Perdió | L8: =MID(D8,FIND(" vs ",D8)+4,LEN(D8)) -> Chequia | M8: {=_xlfn.XLOOKUP(TRUE,(GRUPOS!$B$40:$B$51=L8)+(GRUPOS!$C$40:$C$51=L8)+(GRUPOS!$D$40:$D$51=L8)+(GRUPOS!$E$40:$E$51=L8)>0,GRUPOS!$A$40:$A$51)} -> A | O8: A | P8: Sudáfrica | Q8: {=IFERROR(CHOOSE(MATCH(INDEX(_xlfn._xlws.FILTER($H$7:$H$1000,$G$7:$G$1000=P8),1),{"Perdió","Empató","Ganó"},0),0,1,3),"")} | R8: {=IFERROR(CHOOSE(MATCH(INDEX(_xlfn._xlws.FILTER($H$7:$H$1000,$G$7:$G$1000=P8),2),{"Perdió","Empató","Ganó"},0),0,1,3),"")} | S8: {=IFERROR(CHOOSE(MATCH(INDEX(_xlfn._xlws.FILTER($K$7:$K$1000,$L$7:$L$1000=P8),1),{"Perdió","Empató","Ganó"},0),0,1,3),"")} -> 0 | T8: {=IFERROR(CHOOSE(MATCH(INDEX(_xlfn._xlws.FILTER($K$7:$K$1000,$L$7:$L$1000=P8),2),{"Perdió","Empató","Ganó"},0),0,1,3),"")} | U8: =SUM(Q8:S8) -> 0 | V8: {=IFERROR(INDEX(_xlfn._xlws.FILTER($I$7:$I$1000-$J$7:$J$1000,$G$7:$G$1000=P8),1),"")} -> 0 | W8: {=IFERROR(INDEX(_xlfn._xlws.FILTER($I$7:$I$1000-$J$7:$J$1000,$G$7:$G$1000=P8),2),"")} | X8: {=IFERROR(INDEX(_xlfn._xlws.FILTER($J$7:$J$1000-$I$7:$I$1000,$L$7:$L$1000=P8),1),"")} -> -2 | Y8: {=IFERROR(INDEX(_xlfn._xlws.FILTER($J$7:$J$1000-$I$7:$I$1000,$L$7:$L$1000=P8),2),"")} -> 0 | Z8: =SUM(V8:Y8) -> -2 | AA8: {=1+SUMPRODUCT(($U$7:$U$10>U8)+(($U$7:$U$10=U8)*($Z$7:$Z$10>Z8)))} -> 4 | AC8: A | AD8: 2 | AE8: {=IFERROR(_xlfn.TEXTJOIN(" - ",TRUE,_xlfn._xlws.FILTER($P$7:$P$10,$AA$7:$AA$10=2)),"")} -> Corea del Sur
B9: 12/06/2026 | C9: 13:00 | D9: Canadá vs Bosnia y Herzegovina | E9: Estadio de Toronto (Toronto) | F9: {=_xlfn.XLOOKUP(TRUE,(GRUPOS!$B$40:$B$51=G9)+(GRUPOS!$C$40:$C$51=G9)+(GRUPOS!$D$40:$D$51=G9)+(GRUPOS!$E$40:$E$51=G9)>0,GRUPOS!$A$40:$A$51)} -> B | G9: =LEFT(D9,FIND(" vs ",D9)-1) -> Canadá | H9: Empató | I9: 1 | J9: 1 | K9: Empató | L9: =MID(D9,FIND(" vs ",D9)+4,LEN(D9)) -> Bosnia y Herzegovina | M9: {=_xlfn.XLOOKUP(TRUE,(GRUPOS!$B$40:$B$51=L9)+(GRUPOS!$C$40:$C$51=L9)+(GRUPOS!$D$40:$D$51=L9)+(GRUPOS!$E$40:$E$51=L9)>0,GRUPOS!$A$40:$A$51)} -> B | O9: A | P9: Corea del Sur | Q9: {=IFERROR(CHOOSE(MATCH(INDEX(_xlfn._xlws.FILTER($H$7:$H$1000,$G$7:$G$1000=P9),1),{"Perdió","Empató","Ganó"},0),0,1,3),"")} -> 3 | R9: {=IFERROR(CHOOSE(MATCH(INDEX(_xlfn._xlws.FILTER($H$7:$H$1000,$G$7:$G$1000=P9),2),{"Perdió","Empató","Ganó"},0),0,1,3),"")} | S9: {=IFERROR(CHOOSE(MATCH(INDEX(_xlfn._xlws.FILTER($K$7:$K$1000,$L$7:$L$1000=P9),1),{"Perdió","Empató","Ganó"},0),0,1,3),"")} | T9: {=IFERROR(CHOOSE(MATCH(INDEX(_xlfn._xlws.FILTER($K$7:$K$1000,$L$7:$L$1000=P9),2),{"Perdió","Empató","Ganó"},0),0,1,3),"")} | U9: =SUM(Q9:S9) -> 3 | V9: {=IFERROR(INDEX(_xlfn._xlws.FILTER($I$7:$I$1000-$J$7:$J$1000,$G$7:$G$1000=P9),1),"")} -> 1 | W9: {=IFERROR(INDEX(_xlfn._xlws.FILTER($I$7:$I$1000-$J$7:$J$1000,$G$7:$G$1000=P9),2),"")} | X9: {=IFERROR(INDEX(_xlfn._xlws.FILTER($J$7:$J$1000-$I$7:$I$1000,$L$7:$L$1000=P9),1),"")} -> 0 | Y9: {=IFERROR(INDEX(_xlfn._xlws.FILTER($J$7:$J$1000-$I$7:$I$1000,$L$7:$L$1000=P9),2),"")} -> 0 | Z9: =SUM(V9:Y9) -> 1 | AA9: {=1+SUMPRODUCT(($U$7:$U$10>U9)+(($U$7:$U$10=U9)*($Z$7:$Z$10>Z9)))} -> 2 | AC9: A | AD9: 3 | AE9: {=IFERROR(_xlfn.TEXTJOIN(" - ",TRUE,_xlfn._xlws.FILTER($P$7:$P$10,$AA$7:$AA$10=3)),"")} -> Chequia
B10: 12/06/2026 | C10: 19:00 | D10: Estados Unidos vs Paraguay | E10: Estadio Los Ángeles (Los Ángeles) | F10: {=_xlfn.XLOOKUP(TRUE,(GRUPOS!$B$40:$B$51=G10)+(GRUPOS!$C$40:$C$51=G10)+(GRUPOS!$D$40:$D$51=G10)+(GRUPOS!$E$40:$E$51=G10)>0,GRUPOS!$A$40:$A$51)} -> D | G10: =LEFT(D10,FIND(" vs ",D10)-1) -> Estados Unidos | H10: Ganó | I10: 4 | J10: 1 | K10: Perdió | L10: =MID(D10,FIND(" vs ",D10)+4,LEN(D10)) -> Paraguay | M10: {=_xlfn.XLOOKUP(TRUE,(GRUPOS!$B$40:$B$51=L10)+(GRUPOS!$C$40:$C$51=L10)+(GRUPOS!$D$40:$D$51=L10)+(GRUPOS!$E$40:$E$51=L10)>0,GRUPOS!$A$40:$A$51)} -> D | O10: A | P10: Chequia | Q10: {=IFERROR(CHOOSE(MATCH(INDEX(_xlfn._xlws.FILTER($H$7:$H$1000,$G$7:$G$1000=P10),1),{"Perdió","Empató","Ganó"},0),0,1,3),"")} | R10: {=IFERROR(CHOOSE(MATCH(INDEX(_xlfn._xlws.FILTER($H$7:$H$1000,$G$7:$G$1000=P10),2),{"Perdió","Empató","Ganó"},0),0,1,3),"")} | S10: {=IFERROR(CHOOSE(MATCH(INDEX(_xlfn._xlws.FILTER($K$7:$K$1000,$L$7:$L$1000=P10),1),{"Perdió","Empató","Ganó"},0),0,1,3),"")} -> 0 | T10: {=IFERROR(CHOOSE(MATCH(INDEX(_xlfn._xlws.FILTER($K$7:$K$1000,$L$7:$L$1000=P10),2),{"Perdió","Empató","Ganó"},0),0,1,3),"")} | U10: =SUM(Q10:S10) -> 0 | V10: {=IFERROR(INDEX(_xlfn._xlws.FILTER($I$7:$I$1000-$J$7:$J$1000,$G$7:$G$1000=P10),1),"")} -> 0 | W10: {=IFERROR(INDEX(_xlfn._xlws.FILTER($I$7:$I$1000-$J$7:$J$1000,$G$7:$G$1000=P10),2),"")} -> 0 | X10: {=IFERROR(INDEX(_xlfn._xlws.FILTER($J$7:$J$1000-$I$7:$I$1000,$L$7:$L$1000=P10),1),"")} -> -1 | Y10: {=IFERROR(INDEX(_xlfn._xlws.FILTER($J$7:$J$1000-$I$7:$I$1000,$L$7:$L$1000=P10),2),"")} | Z10: =SUM(V10:Y10) -> -1 | AA10: {=1+SUMPRODUCT(($U$7:$U$10>U10)+(($U$7:$U$10=U10)*($Z$7:$Z$10>Z10)))} -> 3 | AC10: A | AD10: 4 | AE10: {=IFERROR(_xlfn.TEXTJOIN(" - ",TRUE,_xlfn._xlws.FILTER($P$7:$P$10,$AA$7:$AA$10=4)),"")} -> Sudáfrica
B11: 13/06/2026 | C11: 13:00 | D11: Qatar vs Suiza | E11: Estadio de la Bahía de San Francisco | F11: {=_xlfn.XLOOKUP(TRUE,(GRUPOS!$B$40:$B$51=G11)+(GRUPOS!$C$40:$C$51=G11)+(GRUPOS!$D$40:$D$51=G11)+(GRUPOS!$E$40:$E$51=G11)>0,GRUPOS!$A$40:$A$51)} -> B | G11: =LEFT(D11,FIND(" vs ",D11)-1) -> Qatar | H11: Empató | I11: 1 | J11: 1 | K11: Empató | L11: =MID(D11,FIND(" vs ",D11)+4,LEN(D11)) -> Suiza | M11: {=_xlfn.XLOOKUP(TRUE,(GRUPOS!$B$40:$B$51=L11)+(GRUPOS!$C$40:$C$51=L11)+(GRUPOS!$D$40:$D$51=L11)+(GRUPOS!$E$40:$E$51=L11)>0,GRUPOS!$A$40:$A$51)} -> B | O11: B | P11: Canadá | Q11: {=IFERROR(CHOOSE(MATCH(INDEX(_xlfn._xlws.FILTER($H$7:$H$1000,$G$7:$G$1000=P11),1),{"Perdió","Empató","Ganó"},0),0,1,3),"")} -> 1 | R11: {=IFERROR(CHOOSE(MATCH(INDEX(_xlfn._xlws.FILTER($H$7:$H$1000,$G$7:$G$1000=P11),2),{"Perdió","Empató","Ganó"},0),0,1,3),"")} | S11: {=IFERROR(CHOOSE(MATCH(INDEX(_xlfn._xlws.FILTER($K$7:$K$1000,$L$7:$L$1000=P11),1),{"Perdió","Empató","Ganó"},0),0,1,3),"")} | T11: {=IFERROR(CHOOSE(MATCH(INDEX(_xlfn._xlws.FILTER($K$7:$K$1000,$L$7:$L$1000=P11),2),{"Perdió","Empató","Ganó"},0),0,1,3),"")} | U11: =SUM(Q11:S11) -> 1 | V11: {=IFERROR(INDEX(_xlfn._xlws.FILTER($I$7:$I$1000-$J$7:$J$1000,$G$7:$G$1000=P11),1),"")} -> 0 | W11: {=IFERROR(INDEX(_xlfn._xlws.FILTER($I$7:$I$1000-$J$7:$J$1000,$G$7:$G$1000=P11),2),"")} -> 0 | X11: {=IFERROR(INDEX(_xlfn._xlws.FILTER($J$7:$J$1000-$I$7:$I$1000,$L$7:$L$1000=P11),1),"")} -> 0 | Y11: {=IFERROR(INDEX(_xlfn._xlws.FILTER($J$7:$J$1000-$I$7:$I$1000,$L$7:$L$1000=P11),2),"")} | Z11: =SUM(V11:Y11) -> 0 | AA11: {=1+SUMPRODUCT(($U$11:$U$14>U11)+(($U$11:$U$14=U11)*($Z$11:$Z$14>Z11)))} -> 1 | AC11: B | AD11: 1 | AE11: {=IFERROR(_xlfn.TEXTJOIN(" - ",TRUE,_xlfn._xlws.FILTER($P$11:$P$14,$AA$11:$AA$14=1)),"")} -> Canadá - Bosnia y Herzegovina - Qatar - Suiza
B12: 13/06/2026 | C12: 16:00 | D12: Brasil vs Marruecos | E12: Estadio Nueva York/Nueva Jersey | F12: {=_xlfn.XLOOKUP(TRUE,(GRUPOS!$B$40:$B$51=G12)+(GRUPOS!$C$40:$C$51=G12)+(GRUPOS!$D$40:$D$51=G12)+(GRUPOS!$E$40:$E$51=G12)>0,GRUPOS!$A$40:$A$51)} -> C | G12: =LEFT(D12,FIND(" vs ",D12)-1) -> Brasil | H12: Empató | I12: 1 | J12: 1 | K12: Empató | L12: =MID(D12,FIND(" vs ",D12)+4,LEN(D12)) -> Marruecos | M12: {=_xlfn.XLOOKUP(TRUE,(GRUPOS!$B$40:$B$51=L12)+(GRUPOS!$C$40:$C$51=L12)+(GRUPOS!$D$40:$D$51=L12)+(GRUPOS!$E$40:$E$51=L12)>0,GRUPOS!$A$40:$A$51)} -> C | O12: B | P12: Bosnia y Herzegovina | Q12: {=IFERROR(CHOOSE(MATCH(INDEX(_xlfn._xlws.FILTER($H$7:$H$1000,$G$7:$G$1000=P12),1),{"Perdió","Empató","Ganó"},0),0,1,3),"")} | R12: {=IFERROR(CHOOSE(MATCH(INDEX(_xlfn._xlws.FILTER($H$7:$H$1000,$G$7:$G$1000=P12),2),{"Perdió","Empató","Ganó"},0),0,1,3),"")} | S12: {=IFERROR(CHOOSE(MATCH(INDEX(_xlfn._xlws.FILTER($K$7:$K$1000,$L$7:$L$1000=P12),1),{"Perdió","Empató","Ganó"},0),0,1,3),"")} -> 1 | T12: {=IFERROR(CHOOSE(MATCH(INDEX(_xlfn._xlws.FILTER($K$7:$K$1000,$L$7:$L$1000=P12),2),{"Perdió","Empató","Ganó"},0),0,1,3),"")} | U12: =SUM(Q12:S12) -> 1 | V12: {=IFERROR(INDEX(_xlfn._xlws.FILTER($I$7:$I$1000-$J$7:$J$1000,$G$7:$G$1000=P12),1),"")} -> 0 | W12: {=IFERROR(INDEX(_xlfn._xlws.FILTER($I$7:$I$1000-$J$7:$J$1000,$G$7:$G$1000=P12),2),"")} | X12: {=IFERROR(INDEX(_xlfn._xlws.FILTER($J$7:$J$1000-$I$7:$I$1000,$L$7:$L$1000=P12),1),"")} -> 0 | Y12: {=IFERROR(INDEX(_xlfn._xlws.FILTER($J$7:$J$1000-$I$7:$I$1000,$L$7:$L$1000=P12),2),"")} -> 0 | Z12: =SUM(V12:Y12) -> 0 | AA12: {=1+SUMPRODUCT(($U$11:$U$14>U12)+(($U$11:$U$14=U12)*($Z$11:$Z$14>Z12)))} -> 1 | AC12: B | AD12: 2 | AE12: {=IFERROR(_xlfn.TEXTJOIN(" - ",TRUE,_xlfn._xlws.FILTER($P$11:$P$14,$AA$11:$AA$14=2)),"")}
B13: 13/06/2026 | C13: 19:00 | D13: Haití vs Escocia | E13: Estadio Boston (Boston) | F13: {=_xlfn.XLOOKUP(TRUE,(GRUPOS!$B$40:$B$51=G13)+(GRUPOS!$C$40:$C$51=G13)+(GRUPOS!$D$40:$D$51=G13)+(GRUPOS!$E$40:$E$51=G13)>0,GRUPOS!$A$40:$A$51)} -> C | G13: =LEFT(D13,FIND(" vs ",D13)-1) -> Haití | H13: Perdió | I13: 0 | J13: 1 | K13: Ganó | L13: =MID(D13,FIND(" vs ",D13)+4,LEN(D13)) -> Escocia | M13: {=_xlfn.XLOOKUP(TRUE,(GRUPOS!$B$40:$B$51=L13)+(GRUPOS!$C$40:$C$51=L13)+(GRUPOS!$D$40:$D$51=L13)+(GRUPOS!$E$40:$E$51=L13)>0,GRUPOS!$A$40:$A$51)} -> C | O13: B | P13: Qatar | Q13: {=IFERROR(CHOOSE(MATCH(INDEX(_xlfn._xlws.FILTER($H$7:$H$1000,$G$7:$G$1000=P13),1),{"Perdió","Empató","Ganó"},0),0,1,3),"")} -> 1 | R13: {=IFERROR(CHOOSE(MATCH(INDEX(_xlfn._xlws.FILTER($H$7:$H$1000,$G$7:$G$1000=P13),2),{"Perdió","Empató","Ganó"},0),0,1,3),"")} | S13: {=IFERROR(CHOOSE(MATCH(INDEX(_xlfn._xlws.FILTER($K$7:$K$1000,$L$7:$L$1000=P13),1),{"Perdió","Empató","Ganó"},0),0,1,3),"")} | T13: {=IFERROR(CHOOSE(MATCH(INDEX(_xlfn._xlws.FILTER($K$7:$K$1000,$L$7:$L$1000=P13),2),{"Perdió","Empató","Ganó"},0),0,1,3),"")} | U13: =SUM(Q13:S13) -> 1 | V13: {=IFERROR(INDEX(_xlfn._xlws.FILTER($I$7:$I$1000-$J$7:$J$1000,$G$7:$G$1000=P13),1),"")} -> 0 | W13: {=IFERROR(INDEX(_xlfn._xlws.FILTER($I$7:$I$1000-$J$7:$J$1000,$G$7:$G$1000=P13),2),"")} | X13: {=IFERROR(INDEX(_xlfn._xlws.FILTER($J$7:$J$1000-$I$7:$I$1000,$L$7:$L$1000=P13),1),"")} -> 0 | Y13: {=IFERROR(INDEX(_xlfn._xlws.FILTER($J$7:$J$1000-$I$7:$I$1000,$L$7:$L$1000=P13),2),"")} -> 0 | Z13: =SUM(V13:Y13) -> 0 | AA13: {=1+SUMPRODUCT(($U$11:$U$14>U13)+(($U$11:$U$14=U13)*($Z$11:$Z$14>Z13)))} -> 1 | AC13: B | AD13: 3 | AE13: {=IFERROR(_xlfn.TEXTJOIN(" - ",TRUE,_xlfn._xlws.FILTER($P$11:$P$14,$AA$11:$AA$14=3)),"")}
B14: 13/06/2026 | C14: 22:00 | D14: Australia vs Turquía | E14: Estadio BC Place Vancouver | F14: {=_xlfn.XLOOKUP(TRUE,(GRUPOS!$B$40:$B$51=G14)+(GRUPOS!$C$40:$C$51=G14)+(GRUPOS!$D$40:$D$51=G14)+(GRUPOS!$E$40:$E$51=G14)>0,GRUPOS!$A$40:$A$51)} -> D | G14: =LEFT(D14,FIND(" vs ",D14)-1) -> Australia | H14: Ganó | I14: 2 | J14: 0 | K14: Perdió | L14: =MID(D14,FIND(" vs ",D14)+4,LEN(D14)) -> Turquía | M14: {=_xlfn.XLOOKUP(TRUE,(GRUPOS!$B$40:$B$51=L14)+(GRUPOS!$C$40:$C$51=L14)+(GRUPOS!$D$40:$D$51=L14)+(GRUPOS!$E$40:$E$51=L14)>0,GRUPOS!$A$40:$A$51)} -> D | O14: B | P14: Suiza | Q14: {=IFERROR(CHOOSE(MATCH(INDEX(_xlfn._xlws.FILTER($H$7:$H$1000,$G$7:$G$1000=P14),1),{"Perdió","Empató","Ganó"},0),0,1,3),"")} | R14: {=IFERROR(CHOOSE(MATCH(INDEX(_xlfn._xlws.FILTER($H$7:$H$1000,$G$7:$G$1000=P14),2),{"Perdió","Empató","Ganó"},0),0,1,3),"")} | S14: {=IFERROR(CHOOSE(MATCH(INDEX(_xlfn._xlws.FILTER($K$7:$K$1000,$L$7:$L$1000=P14),1),{"Perdió","Empató","Ganó"},0),0,1,3),"")} -> 1 | T14: {=IFERROR(CHOOSE(MATCH(INDEX(_xlfn._xlws.FILTER($K$7:$K$1000,$L$7:$L$1000=P14),2),{"Perdió","Empató","Ganó"},0),0,1,3),"")} | U14: =SUM(Q14:S14) -> 1 | V14: {=IFERROR(INDEX(_xlfn._xlws.FILTER($I$7:$I$1000-$J$7:$J$1000,$G$7:$G$1000=P14),1),"")} -> 0 | W14: {=IFERROR(INDEX(_xlfn._xlws.FILTER($I$7:$I$1000-$J$7:$J$1000,$G$7:$G$1000=P14),2),"")} -> 0 | X14: {=IFERROR(INDEX(_xlfn._xlws.FILTER($J$7:$J$1000-$I$7:$I$1000,$L$7:$L$1000=P14),1),"")} -> 0 | Y14: {=IFERROR(INDEX(_xlfn._xlws.FILTER($J$7:$J$1000-$I$7:$I$1000,$L$7:$L$1000=P14),2),"")} | Z14: =SUM(V14:Y14) -> 0 | AA14: {=1+SUMPRODUCT(($U$11:$U$14>U14)+(($U$11:$U$14=U14)*($Z$11:$Z$14>Z14)))} -> 1 | AC14: B | AD14: 4 | AE14: {=IFERROR(_xlfn.TEXTJOIN(" - ",TRUE,_xlfn._xlws.FILTER($P$11:$P$14,$AA$11:$AA$14=4)),"")}
B15: 14/06/2026 | C15: 11:00 | D15: Alemania vs Curazao | E15: Estadio Houston (Houston) | F15: {=_xlfn.XLOOKUP(TRUE,(GRUPOS!$B$40:$B$51=G15)+(GRUPOS!$C$40:$C$51=G15)+(GRUPOS!$D$40:$D$51=G15)+(GRUPOS!$E$40:$E$51=G15)>0,GRUPOS!$A$40:$A$51)} -> E | G15: =LEFT(D15,FIND(" vs ",D15)-1) -> Alemania | H15: Ganó | I15: 7 | J15: 1 | K15: Perdió | L15: =MID(D15,FIND(" vs ",D15)+4,LEN(D15)) -> Curazao | M15: {=_xlfn.XLOOKUP(TRUE,(GRUPOS!$B$40:$B$51=L15)+(GRUPOS!$C$40:$C$51=L15)+(GRUPOS!$D$40:$D$51=L15)+(GRUPOS!$E$40:$E$51=L15)>0,GRUPOS!$A$40:$A$51)} -> E | O15: C | P15: Brasil | Q15: {=IFERROR(CHOOSE(MATCH(INDEX(_xlfn._xlws.FILTER($H$7:$H$1000,$G$7:$G$1000=P15),1),{"Perdió","Empató","Ganó"},0),0,1,3),"")} -> 1 | R15: {=IFERROR(CHOOSE(MATCH(INDEX(_xlfn._xlws.FILTER($H$7:$H$1000,$G$7:$G$1000=P15),2),{"Perdió","Empató","Ganó"},0),0,1,3),"")} | S15: {=IFERROR(CHOOSE(MATCH(INDEX(_xlfn._xlws.FILTER($K$7:$K$1000,$L$7:$L$1000=P15),1),{"Perdió","Empató","Ganó"},0),0,1,3),"")} | T15: {=IFERROR(CHOOSE(MATCH(INDEX(_xlfn._xlws.FILTER($K$7:$K$1000,$L$7:$L$1000=P15),2),{"Perdió","Empató","Ganó"},0),0,1,3),"")} | U15: =SUM(Q15:S15) -> 1 | V15: {=IFERROR(INDEX(_xlfn._xlws.FILTER($I$7:$I$1000-$J$7:$J$1000,$G$7:$G$1000=P15),1),"")} -> 0 | W15: {=IFERROR(INDEX(_xlfn._xlws.FILTER($I$7:$I$1000-$J$7:$J$1000,$G$7:$G$1000=P15),2),"")} -> 0 | X15: {=IFERROR(INDEX(_xlfn._xlws.FILTER($J$7:$J$1000-$I$7:$I$1000,$L$7:$L$1000=P15),1),"")} -> 0 | Y15: {=IFERROR(INDEX(_xlfn._xlws.FILTER($J$7:$J$1000-$I$7:$I$1000,$L$7:$L$1000=P15),2),"")} | Z15: =SUM(V15:Y15) -> 0 | AA15: {=1+SUMPRODUCT(($U$15:$U$18>U15)+(($U$15:$U$18=U15)*($Z$15:$Z$18>Z15)))} -> 2 | AC15: C | AD15: 1 | AE15: {=IFERROR(_xlfn.TEXTJOIN(" - ",TRUE,_xlfn._xlws.FILTER($P$15:$P$18,$AA$15:$AA$18=1)),"")} -> Escocia
B16: 14/06/2026 | C16: 14:00 | D16: Países Bajos vs Japón | E16: Estadio Dallas (Dallas) | F16: {=_xlfn.XLOOKUP(TRUE,(GRUPOS!$B$40:$B$51=G16)+(GRUPOS!$C$40:$C$51=G16)+(GRUPOS!$D$40:$D$51=G16)+(GRUPOS!$E$40:$E$51=G16)>0,GRUPOS!$A$40:$A$51)} -> F | G16: =LEFT(D16,FIND(" vs ",D16)-1) -> Países Bajos | H16: Empató | I16: 2 | J16: 2 | K16: Empató | L16: =MID(D16,FIND(" vs ",D16)+4,LEN(D16)) -> Japón | M16: {=_xlfn.XLOOKUP(TRUE,(GRUPOS!$B$40:$B$51=L16)+(GRUPOS!$C$40:$C$51=L16)+(GRUPOS!$D$40:$D$51=L16)+(GRUPOS!$E$40:$E$51=L16)>0,GRUPOS!$A$40:$A$51)} -> F | O16: C | P16: Marruecos | Q16: {=IFERROR(CHOOSE(MATCH(INDEX(_xlfn._xlws.FILTER($H$7:$H$1000,$G$7:$G$1000=P16),1),{"Perdió","Empató","Ganó"},0),0,1,3),"")} | R16: {=IFERROR(CHOOSE(MATCH(INDEX(_xlfn._xlws.FILTER($H$7:$H$1000,$G$7:$G$1000=P16),2),{"Perdió","Empató","Ganó"},0),0,1,3),"")} | S16: {=IFERROR(CHOOSE(MATCH(INDEX(_xlfn._xlws.FILTER($K$7:$K$1000,$L$7:$L$1000=P16),1),{"Perdió","Empató","Ganó"},0),0,1,3),"")} -> 1 | T16: {=IFERROR(CHOOSE(MATCH(INDEX(_xlfn._xlws.FILTER($K$7:$K$1000,$L$7:$L$1000=P16),2),{"Perdió","Empató","Ganó"},0),0,1,3),"")} | U16: =SUM(Q16:S16) -> 1 | V16: {=IFERROR(INDEX(_xlfn._xlws.FILTER($I$7:$I$1000-$J$7:$J$1000,$G$7:$G$1000=P16),1),"")} -> 0 | W16: {=IFERROR(INDEX(_xlfn._xlws.FILTER($I$7:$I$1000-$J$7:$J$1000,$G$7:$G$1000=P16),2),"")} | X16: {=IFERROR(INDEX(_xlfn._xlws.FILTER($J$7:$J$1000-$I$7:$I$1000,$L$7:$L$1000=P16),1),"")} -> 0 | Y16: {=IFERROR(INDEX(_xlfn._xlws.FILTER($J$7:$J$1000-$I$7:$I$1000,$L$7:$L$1000=P16),2),"")} -> 0 | Z16: =SUM(V16:Y16) -> 0 | AA16: {=1+SUMPRODUCT(($U$15:$U$18>U16)+(($U$15:$U$18=U16)*($Z$15:$Z$18>Z16)))} -> 2 | AC16: C | AD16: 2 | AE16: {=IFERROR(_xlfn.TEXTJOIN(" - ",TRUE,_xlfn._xlws.FILTER($P$15:$P$18,$AA$15:$AA$18=2)),"")} -> Brasil - Marruecos
B17: 14/06/2026 | C17: 17:00 | D17: Costa de Marfil vs Ecuador | E17: Estadio Filadelfia (Filadelfia) | F17: {=_xlfn.XLOOKUP(TRUE,(GRUPOS!$B$40:$B$51=G17)+(GRUPOS!$C$40:$C$51=G17)+(GRUPOS!$D$40:$D$51=G17)+(GRUPOS!$E$40:$E$51=G17)>0,GRUPOS!$A$40:$A$51)} -> E | G17: =LEFT(D17,FIND(" vs ",D17)-1) -> Costa de Marfil | H17: Ganó | I17: 1 | J17: 0 | K17: Perdió | L17: =MID(D17,FIND(" vs ",D17)+4,LEN(D17)) -> Ecuador | M17: {=_xlfn.XLOOKUP(TRUE,(GRUPOS!$B$40:$B$51=L17)+(GRUPOS!$C$40:$C$51=L17)+(GRUPOS!$D$40:$D$51=L17)+(GRUPOS!$E$40:$E$51=L17)>0,GRUPOS!$A$40:$A$51)} -> E | O17: C | P17: Haití | Q17: {=IFERROR(CHOOSE(MATCH(INDEX(_xlfn._xlws.FILTER($H$7:$H$1000,$G$7:$G$1000=P17),1),{"Perdió","Empató","Ganó"},0),0,1,3),"")} -> 0 | R17: {=IFERROR(CHOOSE(MATCH(INDEX(_xlfn._xlws.FILTER($H$7:$H$1000,$G$7:$G$1000=P17),2),{"Perdió","Empató","Ganó"},0),0,1,3),"")} | S17: {=IFERROR(CHOOSE(MATCH(INDEX(_xlfn._xlws.FILTER($K$7:$K$1000,$L$7:$L$1000=P17),1),{"Perdió","Empató","Ganó"},0),0,1,3),"")} | T17: {=IFERROR(CHOOSE(MATCH(INDEX(_xlfn._xlws.FILTER($K$7:$K$1000,$L$7:$L$1000=P17),2),{"Perdió","Empató","Ganó"},0),0,1,3),"")} | U17: =SUM(Q17:S17) -> 0 | V17: {=IFERROR(INDEX(_xlfn._xlws.FILTER($I$7:$I$1000-$J$7:$J$1000,$G$7:$G$1000=P17),1),"")} -> -1 | W17: {=IFERROR(INDEX(_xlfn._xlws.FILTER($I$7:$I$1000-$J$7:$J$1000,$G$7:$G$1000=P17),2),"")} | X17: {=IFERROR(INDEX(_xlfn._xlws.FILTER($J$7:$J$1000-$I$7:$I$1000,$L$7:$L$1000=P17),1),"")} -> 0 | Y17: {=IFERROR(INDEX(_xlfn._xlws.FILTER($J$7:$J$1000-$I$7:$I$1000,$L$7:$L$1000=P17),2),"")} -> 0 | Z17: =SUM(V17:Y17) -> -1 | AA17: {=1+SUMPRODUCT(($U$15:$U$18>U17)+(($U$15:$U$18=U17)*($Z$15:$Z$18>Z17)))} -> 4 | AC17: C | AD17: 3 | AE17: {=IFERROR(_xlfn.TEXTJOIN(" - ",TRUE,_xlfn._xlws.FILTER($P$15:$P$18,$AA$15:$AA$18=3)),"")}
B18: 14/06/2026 | C18: 20:00 | D18: Suecia vs Túnez | E18: Estadio Monterrey (Monterrey) | F18: {=_xlfn.XLOOKUP(TRUE,(GRUPOS!$B$40:$B$51=G18)+(GRUPOS!$C$40:$C$51=G18)+(GRUPOS!$D$40:$D$51=G18)+(GRUPOS!$E$40:$E$51=G18)>0,GRUPOS!$A$40:$A$51)} -> F | G18: =LEFT(D18,FIND(" vs ",D18)-1) -> Suecia | L18: =MID(D18,FIND(" vs ",D18)+4,LEN(D18)) -> Túnez | M18: {=_xlfn.XLOOKUP(TRUE,(GRUPOS!$B$40:$B$51=L18)+(GRUPOS!$C$40:$C$51=L18)+(GRUPOS!$D$40:$D$51=L18)+(GRUPOS!$E$40:$E$51=L18)>0,GRUPOS!$A$40:$A$51)} -> F | O18: C | P18: Escocia | Q18: {=IFERROR(CHOOSE(MATCH(INDEX(_xlfn._xlws.FILTER($H$7:$H$1000,$G$7:$G$1000=P18),1),{"Perdió","Empató","Ganó"},0),0,1,3),"")} | R18: {=IFERROR(CHOOSE(MATCH(INDEX(_xlfn._xlws.FILTER($H$7:$H$1000,$G$7:$G$1000=P18),2),{"Perdió","Empató","Ganó"},0),0,1,3),"")} | S18: {=IFERROR(CHOOSE(MATCH(INDEX(_xlfn._xlws.FILTER($K$7:$K$1000,$L$7:$L$1000=P18),1),{"Perdió","Empató","Ganó"},0),0,1,3),"")} -> 3 | T18: {=IFERROR(CHOOSE(MATCH(INDEX(_xlfn._xlws.FILTER($K$7:$K$1000,$L$7:$L$1000=P18),2),{"Perdió","Empató","Ganó"},0),0,1,3),"")} | U18: =SUM(Q18:S18) -> 3 | V18: {=IFERROR(INDEX(_xlfn._xlws.FILTER($I$7:$I$1000-$J$7:$J$1000,$G$7:$G$1000=P18),1),"")} -> 0 | W18: {=IFERROR(INDEX(_xlfn._xlws.FILTER($I$7:$I$1000-$J$7:$J$1000,$G$7:$G$1000=P18),2),"")} -> 0 | X18: {=IFERROR(INDEX(_xlfn._xlws.FILTER($J$7:$J$1000-$I$7:$I$1000,$L$7:$L$1000=P18),1),"")} -> 1 | Y18: {=IFERROR(INDEX(_xlfn._xlws.FILTER($J$7:$J$1000-$I$7:$I$1000,$L$7:$L$1000=P18),2),"")} | Z18: =SUM(V18:Y18) -> 1 | AA18: {=1+SUMPRODUCT(($U$15:$U$18>U18)+(($U$15:$U$18=U18)*($Z$15:$Z$18>Z18)))} -> 1 | AC18: C | AD18: 4 | AE18: {=IFERROR(_xlfn.TEXTJOIN(" - ",TRUE,_xlfn._xlws.FILTER($P$15:$P$18,$AA$15:$AA$18=4)),"")} -> Haití
B19: 15/06/2026 | C19: 10:00 | D19: España vs Cabo Verde | E19: Estadio Atlanta (Atlanta) | F19: {=_xlfn.XLOOKUP(TRUE,(GRUPOS!$B$40:$B$51=G19)+(GRUPOS!$C$40:$C$51=G19)+(GRUPOS!$D$40:$D$51=G19)+(GRUPOS!$E$40:$E$51=G19)>0,GRUPOS!$A$40:$A$51)} -> H | G19: =LEFT(D19,FIND(" vs ",D19)-1) -> España | L19: =MID(D19,FIND(" vs ",D19)+4,LEN(D19)) -> Cabo Verde | M19: {=_xlfn.XLOOKUP(TRUE,(GRUPOS!$B$40:$B$51=L19)+(GRUPOS!$C$40:$C$51=L19)+(GRUPOS!$D$40:$D$51=L19)+(GRUPOS!$E$40:$E$51=L19)>0,GRUPOS!$A$40:$A$51)} -> H | O19: D | P19: Estados Unidos | Q19: {=IFERROR(CHOOSE(MATCH(INDEX(_xlfn._xlws.FILTER($H$7:$H$1000,$G$7:$G$1000=P19),1),{"Perdió","Empató","Ganó"},0),0,1,3),"")} -> 3 | R19: {=IFERROR(CHOOSE(MATCH(INDEX(_xlfn._xlws.FILTER($H$7:$H$1000,$G$7:$G$1000=P19),2),{"Perdió","Empató","Ganó"},0),0,1,3),"")} | S19: {=IFERROR(CHOOSE(MATCH(INDEX(_xlfn._xlws.FILTER($K$7:$K$1000,$L$7:$L$1000=P19),1),{"Perdió","Empató","Ganó"},0),0,1,3),"")} | T19: {=IFERROR(CHOOSE(MATCH(INDEX(_xlfn._xlws.FILTER($K$7:$K$1000,$L$7:$L$1000=P19),2),{"Perdió","Empató","Ganó"},0),0,1,3),"")} | U19: =SUM(Q19:S19) -> 3 | V19: {=IFERROR(INDEX(_xlfn._xlws.FILTER($I$7:$I$1000-$J$7:$J$1000,$G$7:$G$1000=P19),1),"")} -> 3 | W19: {=IFERROR(INDEX(_xlfn._xlws.FILTER($I$7:$I$1000-$J$7:$J$1000,$G$7:$G$1000=P19),2),"")} -> 0 | X19: {=IFERROR(INDEX(_xlfn._xlws.FILTER($J$7:$J$1000-$I$7:$I$1000,$L$7:$L$1000=P19),1),"")} -> 0 | Y19: {=IFERROR(INDEX(_xlfn._xlws.FILTER($J$7:$J$1000-$I$7:$I$1000,$L$7:$L$1000=P19),2),"")} | Z19: =SUM(V19:Y19) -> 3 | AA19: {=1+SUMPRODUCT(($U$19:$U$22>U19)+(($U$19:$U$22=U19)*($Z$19:$Z$22>Z19)))} -> 1 | AC19: D | AD19: 1 | AE19: {=IFERROR(_xlfn.TEXTJOIN(" - ",TRUE,_xlfn._xlws.FILTER($P$19:$P$22,$AA$19:$AA$22=1)),"")} -> Estados Unidos
B20: 15/06/2026 | C20: 13:00 | D20: Bélgica vs Egipto | E20: Estadio Seattle (Seattle) | F20: {=_xlfn.XLOOKUP(TRUE,(GRUPOS!$B$40:$B$51=G20)+(GRUPOS!$C$40:$C$51=G20)+(GRUPOS!$D$40:$D$51=G20)+(GRUPOS!$E$40:$E$51=G20)>0,GRUPOS!$A$40:$A$51)} -> G | G20: =LEFT(D20,FIND(" vs ",D20)-1) -> Bélgica | L20: =MID(D20,FIND(" vs ",D20)+4,LEN(D20)) -> Egipto | M20: {=_xlfn.XLOOKUP(TRUE,(GRUPOS!$B$40:$B$51=L20)+(GRUPOS!$C$40:$C$51=L20)+(GRUPOS!$D$40:$D$51=L20)+(GRUPOS!$E$40:$E$51=L20)>0,GRUPOS!$A$40:$A$51)} -> G | O20: D | P20: Paraguay | Q20: {=IFERROR(CHOOSE(MATCH(INDEX(_xlfn._xlws.FILTER($H$7:$H$1000,$G$7:$G$1000=P20),1),{"Perdió","Empató","Ganó"},0),0,1,3),"")} | R20: {=IFERROR(CHOOSE(MATCH(INDEX(_xlfn._xlws.FILTER($H$7:$H$1000,$G$7:$G$1000=P20),2),{"Perdió","Empató","Ganó"},0),0,1,3),"")} | S20: {=IFERROR(CHOOSE(MATCH(INDEX(_xlfn._xlws.FILTER($K$7:$K$1000,$L$7:$L$1000=P20),1),{"Perdió","Empató","Ganó"},0),0,1,3),"")} -> 0 | T20: {=IFERROR(CHOOSE(MATCH(INDEX(_xlfn._xlws.FILTER($K$7:$K$1000,$L$7:$L$1000=P20),2),{"Perdió","Empató","Ganó"},0),0,1,3),"")} | U20: =SUM(Q20:S20) -> 0 | V20: {=IFERROR(INDEX(_xlfn._xlws.FILTER($I$7:$I$1000-$J$7:$J$1000,$G$7:$G$1000=P20),1),"")} -> 0 | W20: {=IFERROR(INDEX(_xlfn._xlws.FILTER($I$7:$I$1000-$J$7:$J$1000,$G$7:$G$1000=P20),2),"")} | X20: {=IFERROR(INDEX(_xlfn._xlws.FILTER($J$7:$J$1000-$I$7:$I$1000,$L$7:$L$1000=P20),1),"")} -> -3 | Y20: {=IFERROR(INDEX(_xlfn._xlws.FILTER($J$7:$J$1000-$I$7:$I$1000,$L$7:$L$1000=P20),2),"")} -> 0 | Z20: =SUM(V20:Y20) -> -3 | AA20: {=1+SUMPRODUCT(($U$19:$U$22>U20)+(($U$19:$U$22=U20)*($Z$19:$Z$22>Z20)))} -> 4 | AC20: D | AD20: 2 | AE20: {=IFERROR(_xlfn.TEXTJOIN(" - ",TRUE,_xlfn._xlws.FILTER($P$19:$P$22,$AA$19:$AA$22=2)),"")} -> Australia
B21: 15/06/2026 | C21: 16:00 | D21: Arabia Saudita vs Uruguay | E21: Estadio Miami (Miami) | F21: {=_xlfn.XLOOKUP(TRUE,(GRUPOS!$B$40:$B$51=G21)+(GRUPOS!$C$40:$C$51=G21)+(GRUPOS!$D$40:$D$51=G21)+(GRUPOS!$E$40:$E$51=G21)>0,GRUPOS!$A$40:$A$51)} -> H | G21: =LEFT(D21,FIND(" vs ",D21)-1) -> Arabia Saudita | L21: =MID(D21,FIND(" vs ",D21)+4,LEN(D21)) -> Uruguay | M21: {=_xlfn.XLOOKUP(TRUE,(GRUPOS!$B$40:$B$51=L21)+(GRUPOS!$C$40:$C$51=L21)+(GRUPOS!$D$40:$D$51=L21)+(GRUPOS!$E$40:$E$51=L21)>0,GRUPOS!$A$40:$A$51)} -> H | O21: D | P21: Australia | Q21: {=IFERROR(CHOOSE(MATCH(INDEX(_xlfn._xlws.FILTER($H$7:$H$1000,$G$7:$G$1000=P21),1),{"Perdió","Empató","Ganó"},0),0,1,3),"")} -> 3 | R21: {=IFERROR(CHOOSE(MATCH(INDEX(_xlfn._xlws.FILTER($H$7:$H$1000,$G$7:$G$1000=P21),2),{"Perdió","Empató","Ganó"},0),0,1,3),"")} | S21: {=IFERROR(CHOOSE(MATCH(INDEX(_xlfn._xlws.FILTER($K$7:$K$1000,$L$7:$L$1000=P21),1),{"Perdió","Empató","Ganó"},0),0,1,3),"")} | T21: {=IFERROR(CHOOSE(MATCH(INDEX(_xlfn._xlws.FILTER($K$7:$K$1000,$L$7:$L$1000=P21),2),{"Perdió","Empató","Ganó"},0),0,1,3),"")} | U21: =SUM(Q21:S21) -> 3 | V21: {=IFERROR(INDEX(_xlfn._xlws.FILTER($I$7:$I$1000-$J$7:$J$1000,$G$7:$G$1000=P21),1),"")} -> 2 | W21: {=IFERROR(INDEX(_xlfn._xlws.FILTER($I$7:$I$1000-$J$7:$J$1000,$G$7:$G$1000=P21),2),"")} | X21: {=IFERROR(INDEX(_xlfn._xlws.FILTER($J$7:$J$1000-$I$7:$I$1000,$L$7:$L$1000=P21),1),"")} -> 0 | Y21: {=IFERROR(INDEX(_xlfn._xlws.FILTER($J$7:$J$1000-$I$7:$I$1000,$L$7:$L$1000=P21),2),"")} -> 0 | Z21: =SUM(V21:Y21) -> 2 | AA21: {=1+SUMPRODUCT(($U$19:$U$22>U21)+(($U$19:$U$22=U21)*($Z$19:$Z$22>Z21)))} -> 2 | AC21: D | AD21: 3 | AE21: {=IFERROR(_xlfn.TEXTJOIN(" - ",TRUE,_xlfn._xlws.FILTER($P$19:$P$22,$AA$19:$AA$22=3)),"")} -> Turquía
B22: 15/06/2026 | C22: 19:00 | D22: Irán vs Nueva Zelanda | E22: Estadio Los Ángeles (Los Ángeles) | F22: {=_xlfn.XLOOKUP(TRUE,(GRUPOS!$B$40:$B$51=G22)+(GRUPOS!$C$40:$C$51=G22)+(GRUPOS!$D$40:$D$51=G22)+(GRUPOS!$E$40:$E$51=G22)>0,GRUPOS!$A$40:$A$51)} -> G | G22: =LEFT(D22,FIND(" vs ",D22)-1) -> Irán | L22: =MID(D22,FIND(" vs ",D22)+4,LEN(D22)) -> Nueva Zelanda | M22: {=_xlfn.XLOOKUP(TRUE,(GRUPOS!$B$40:$B$51=L22)+(GRUPOS!$C$40:$C$51=L22)+(GRUPOS!$D$40:$D$51=L22)+(GRUPOS!$E$40:$E$51=L22)>0,GRUPOS!$A$40:$A$51)} -> G | O22: D | P22: Turquía | Q22: {=IFERROR(CHOOSE(MATCH(INDEX(_xlfn._xlws.FILTER($H$7:$H$1000,$G$7:$G$1000=P22),1),{"Perdió","Empató","Ganó"},0),0,1,3),"")} | R22: {=IFERROR(CHOOSE(MATCH(INDEX(_xlfn._xlws.FILTER($H$7:$H$1000,$G$7:$G$1000=P22),2),{"Perdió","Empató","Ganó"},0),0,1,3),"")} | S22: {=IFERROR(CHOOSE(MATCH(INDEX(_xlfn._xlws.FILTER($K$7:$K$1000,$L$7:$L$1000=P22),1),{"Perdió","Empató","Ganó"},0),0,1,3),"")} -> 0 | T22: {=IFERROR(CHOOSE(MATCH(INDEX(_xlfn._xlws.FILTER($K$7:$K$1000,$L$7:$L$1000=P22),2),{"Perdió","Empató","Ganó"},0),0,1,3),"")} | U22: =SUM(Q22:S22) -> 0 | V22: {=IFERROR(INDEX(_xlfn._xlws.FILTER($I$7:$I$1000-$J$7:$J$1000,$G$7:$G$1000=P22),1),"")} -> 0 | W22: {=IFERROR(INDEX(_xlfn._xlws.FILTER($I$7:$I$1000-$J$7:$J$1000,$G$7:$G$1000=P22),2),"")} -> 0 | X22: {=IFERROR(INDEX(_xlfn._xlws.FILTER($J$7:$J$1000-$I$7:$I$1000,$L$7:$L$1000=P22),1),"")} -> -2 | Y22: {=IFERROR(INDEX(_xlfn._xlws.FILTER($J$7:$J$1000-$I$7:$I$1000,$L$7:$L$1000=P22),2),"")} | Z22: =SUM(V22:Y22) -> -2 | AA22: {=1+SUMPRODUCT(($U$19:$U$22>U22)+(($U$19:$U$22=U22)*($Z$19:$Z$22>Z22)))} -> 3 | AC22: D | AD22: 4 | AE22: {=IFERROR(_xlfn.TEXTJOIN(" - ",TRUE,_xlfn._xlws.FILTER($P$19:$P$22,$AA$19:$AA$22=4)),"")} -> Paraguay
B23: 16/06/2026 | C23: 13:00 | D23: Francia vs Senegal | E23: Estadio Nueva York/Nueva Jersey | F23: {=_xlfn.XLOOKUP(TRUE,(GRUPOS!$B$40:$B$51=G23)+(GRUPOS!$C$40:$C$51=G23)+(GRUPOS!$D$40:$D$51=G23)+(GRUPOS!$E$40:$E$51=G23)>0,GRUPOS!$A$40:$A$51)} -> I | G23: =LEFT(D23,FIND(" vs ",D23)-1) -> Francia | L23: =MID(D23,FIND(" vs ",D23)+4,LEN(D23)) -> Senegal | M23: {=_xlfn.XLOOKUP(TRUE,(GRUPOS!$B$40:$B$51=L23)+(GRUPOS!$C$40:$C$51=L23)+(GRUPOS!$D$40:$D$51=L23)+(GRUPOS!$E$40:$E$51=L23)>0,GRUPOS!$A$40:$A$51)} -> I | O23: E | P23: Alemania | Q23: {=IFERROR(CHOOSE(MATCH(INDEX(_xlfn._xlws.FILTER($H$7:$H$1000,$G$7:$G$1000=P23),1),{"Perdió","Empató","Ganó"},0),0,1,3),"")} -> 3 | R23: {=IFERROR(CHOOSE(MATCH(INDEX(_xlfn._xlws.FILTER($H$7:$H$1000,$G$7:$G$1000=P23),2),{"Perdió","Empató","Ganó"},0),0,1,3),"")} | S23: {=IFERROR(CHOOSE(MATCH(INDEX(_xlfn._xlws.FILTER($K$7:$K$1000,$L$7:$L$1000=P23),1),{"Perdió","Empató","Ganó"},0),0,1,3),"")} | T23: {=IFERROR(CHOOSE(MATCH(INDEX(_xlfn._xlws.FILTER($K$7:$K$1000,$L$7:$L$1000=P23),2),{"Perdió","Empató","Ganó"},0),0,1,3),"")} | U23: =SUM(Q23:S23) -> 3 | V23: {=IFERROR(INDEX(_xlfn._xlws.FILTER($I$7:$I$1000-$J$7:$J$1000,$G$7:$G$1000=P23),1),"")} -> 6 | W23: {=IFERROR(INDEX(_xlfn._xlws.FILTER($I$7:$I$1000-$J$7:$J$1000,$G$7:$G$1000=P23),2),"")} -> 0 | X23: {=IFERROR(INDEX(_xlfn._xlws.FILTER($J$7:$J$1000-$I$7:$I$1000,$L$7:$L$1000=P23),1),"")} -> 0 | Y23: {=IFERROR(INDEX(_xlfn._xlws.FILTER($J$7:$J$1000-$I$7:$I$1000,$L$7:$L$1000=P23),2),"")} | Z23: =SUM(V23:Y23) -> 6 | AA23: {=1+SUMPRODUCT(($U$23:$U$26>U23)+(($U$23:$U$26=U23)*($Z$23:$Z$26>Z23)))} -> 1 | AC23: E | AD23: 1 | AE23: {=IFERROR(_xlfn.TEXTJOIN(" - ",TRUE,_xlfn._xlws.FILTER($P$19:$P$22,$AA$19:$AA$22=1)),"")} -> Estados Unidos
B24: 16/06/2026 | C24: 16:00 | D24: Irak vs Noruega | E24: Estadio Boston (Boston) | F24: {=_xlfn.XLOOKUP(TRUE,(GRUPOS!$B$40:$B$51=G24)+(GRUPOS!$C$40:$C$51=G24)+(GRUPOS!$D$40:$D$51=G24)+(GRUPOS!$E$40:$E$51=G24)>0,GRUPOS!$A$40:$A$51)} -> I | G24: =LEFT(D24,FIND(" vs ",D24)-1) -> Irak | L24: =MID(D24,FIND(" vs ",D24)+4,LEN(D24)) -> Noruega | M24: {=_xlfn.XLOOKUP(TRUE,(GRUPOS!$B$40:$B$51=L24)+(GRUPOS!$C$40:$C$51=L24)+(GRUPOS!$D$40:$D$51=L24)+(GRUPOS!$E$40:$E$51=L24)>0,GRUPOS!$A$40:$A$51)} -> I | O24: E | P24: Curazao | Q24: {=IFERROR(CHOOSE(MATCH(INDEX(_xlfn._xlws.FILTER($H$7:$H$1000,$G$7:$G$1000=P24),1),{"Perdió","Empató","Ganó"},0),0,1,3),"")} | R24: {=IFERROR(CHOOSE(MATCH(INDEX(_xlfn._xlws.FILTER($H$7:$H$1000,$G$7:$G$1000=P24),2),{"Perdió","Empató","Ganó"},0),0,1,3),"")} | S24: {=IFERROR(CHOOSE(MATCH(INDEX(_xlfn._xlws.FILTER($K$7:$K$1000,$L$7:$L$1000=P24),1),{"Perdió","Empató","Ganó"},0),0,1,3),"")} -> 0 | T24: {=IFERROR(CHOOSE(MATCH(INDEX(_xlfn._xlws.FILTER($K$7:$K$1000,$L$7:$L$1000=P24),2),{"Perdió","Empató","Ganó"},0),0,1,3),"")} | U24: =SUM(Q24:S24) -> 0 | V24: {=IFERROR(INDEX(_xlfn._xlws.FILTER($I$7:$I$1000-$J$7:$J$1000,$G$7:$G$1000=P24),1),"")} -> 0 | W24: {=IFERROR(INDEX(_xlfn._xlws.FILTER($I$7:$I$1000-$J$7:$J$1000,$G$7:$G$1000=P24),2),"")} | X24: {=IFERROR(INDEX(_xlfn._xlws.FILTER($J$7:$J$1000-$I$7:$I$1000,$L$7:$L$1000=P24),1),"")} -> -6 | Y24: {=IFERROR(INDEX(_xlfn._xlws.FILTER($J$7:$J$1000-$I$7:$I$1000,$L$7:$L$1000=P24),2),"")} -> 0 | Z24: =SUM(V24:Y24) -> -6 | AA24: {=1+SUMPRODUCT(($U$23:$U$26>U24)+(($U$23:$U$26=U24)*($Z$23:$Z$26>Z24)))} -> 4 | AC24: E | AD24: 2 | AE24: {=IFERROR(_xlfn.TEXTJOIN(" - ",TRUE,_xlfn._xlws.FILTER($P$19:$P$22,$AA$19:$AA$22=2)),"")} -> Australia
B25: 16/06/2026 | C25: 19:00 | D25: Argentina vs Argelia | E25: Estadio Kansas City | F25: {=_xlfn.XLOOKUP(TRUE,(GRUPOS!$B$40:$B$51=G25)+(GRUPOS!$C$40:$C$51=G25)+(GRUPOS!$D$40:$D$51=G25)+(GRUPOS!$E$40:$E$51=G25)>0,GRUPOS!$A$40:$A$51)} -> J | G25: =LEFT(D25,FIND(" vs ",D25)-1) -> Argentina | L25: =MID(D25,FIND(" vs ",D25)+4,LEN(D25)) -> Argelia | M25: {=_xlfn.XLOOKUP(TRUE,(GRUPOS!$B$40:$B$51=L25)+(GRUPOS!$C$40:$C$51=L25)+(GRUPOS!$D$40:$D$51=L25)+(GRUPOS!$E$40:$E$51=L25)>0,GRUPOS!$A$40:$A$51)} -> J | O25: E | P25: Costa de Marfil | Q25: {=IFERROR(CHOOSE(MATCH(INDEX(_xlfn._xlws.FILTER($H$7:$H$1000,$G$7:$G$1000=P25),1),{"Perdió","Empató","Ganó"},0),0,1,3),"")} -> 3 | R25: {=IFERROR(CHOOSE(MATCH(INDEX(_xlfn._xlws.FILTER($H$7:$H$1000,$G$7:$G$1000=P25),2),{"Perdió","Empató","Ganó"},0),0,1,3),"")} | S25: {=IFERROR(CHOOSE(MATCH(INDEX(_xlfn._xlws.FILTER($K$7:$K$1000,$L$7:$L$1000=P25),1),{"Perdió","Empató","Ganó"},0),0,1,3),"")} | T25: {=IFERROR(CHOOSE(MATCH(INDEX(_xlfn._xlws.FILTER($K$7:$K$1000,$L$7:$L$1000=P25),2),{"Perdió","Empató","Ganó"},0),0,1,3),"")} | U25: =SUM(Q25:S25) -> 3 | V25: {=IFERROR(INDEX(_xlfn._xlws.FILTER($I$7:$I$1000-$J$7:$J$1000,$G$7:$G$1000=P25),1),"")} -> 1 | W25: {=IFERROR(INDEX(_xlfn._xlws.FILTER($I$7:$I$1000-$J$7:$J$1000,$G$7:$G$1000=P25),2),"")} | X25: {=IFERROR(INDEX(_xlfn._xlws.FILTER($J$7:$J$1000-$I$7:$I$1000,$L$7:$L$1000=P25),1),"")} -> 0 | Y25: {=IFERROR(INDEX(_xlfn._xlws.FILTER($J$7:$J$1000-$I$7:$I$1000,$L$7:$L$1000=P25),2),"")} -> 0 | Z25: =SUM(V25:Y25) -> 1 | AA25: {=1+SUMPRODUCT(($U$23:$U$26>U25)+(($U$23:$U$26=U25)*($Z$23:$Z$26>Z25)))} -> 2 | AC25: E | AD25: 3 | AE25: {=IFERROR(_xlfn.TEXTJOIN(" - ",TRUE,_xlfn._xlws.FILTER($P$19:$P$22,$AA$19:$AA$22=3)),"")} -> Turquía
B26: 16/06/2026 | C26: 22:00 | D26: Austria vs Jordania | E26: Estadio Bahía de San Francisco | F26: {=_xlfn.XLOOKUP(TRUE,(GRUPOS!$B$40:$B$51=G26)+(GRUPOS!$C$40:$C$51=G26)+(GRUPOS!$D$40:$D$51=G26)+(GRUPOS!$E$40:$E$51=G26)>0,GRUPOS!$A$40:$A$51)} -> J | G26: =LEFT(D26,FIND(" vs ",D26)-1) -> Austria | L26: =MID(D26,FIND(" vs ",D26)+4,LEN(D26)) -> Jordania | M26: {=_xlfn.XLOOKUP(TRUE,(GRUPOS!$B$40:$B$51=L26)+(GRUPOS!$C$40:$C$51=L26)+(GRUPOS!$D$40:$D$51=L26)+(GRUPOS!$E$40:$E$51=L26)>0,GRUPOS!$A$40:$A$51)} -> J | O26: E | P26: Ecuador | Q26: {=IFERROR(CHOOSE(MATCH(INDEX(_xlfn._xlws.FILTER($H$7:$H$1000,$G$7:$G$1000=P26),1),{"Perdió","Empató","Ganó"},0),0,1,3),"")} | R26: {=IFERROR(CHOOSE(MATCH(INDEX(_xlfn._xlws.FILTER($H$7:$H$1000,$G$7:$G$1000=P26),2),{"Perdió","Empató","Ganó"},0),0,1,3),"")} | S26: {=IFERROR(CHOOSE(MATCH(INDEX(_xlfn._xlws.FILTER($K$7:$K$1000,$L$7:$L$1000=P26),1),{"Perdió","Empató","Ganó"},0),0,1,3),"")} -> 0 | T26: {=IFERROR(CHOOSE(MATCH(INDEX(_xlfn._xlws.FILTER($K$7:$K$1000,$L$7:$L$1000=P26),2),{"Perdió","Empató","Ganó"},0),0,1,3),"")} | U26: =SUM(Q26:S26) -> 0 | V26: {=IFERROR(INDEX(_xlfn._xlws.FILTER($I$7:$I$1000-$J$7:$J$1000,$G$7:$G$1000=P26),1),"")} -> 0 | W26: {=IFERROR(INDEX(_xlfn._xlws.FILTER($I$7:$I$1000-$J$7:$J$1000,$G$7:$G$1000=P26),2),"")} -> 0 | X26: {=IFERROR(INDEX(_xlfn._xlws.FILTER($J$7:$J$1000-$I$7:$I$1000,$L$7:$L$1000=P26),1),"")} -> -1 | Y26: {=IFERROR(INDEX(_xlfn._xlws.FILTER($J$7:$J$1000-$I$7:$I$1000,$L$7:$L$1000=P26),2),"")} | Z26: =SUM(V26:Y26) -> -1 | AA26: {=1+SUMPRODUCT(($U$23:$U$26>U26)+(($U$23:$U$26=U26)*($Z$23:$Z$26>Z26)))} -> 3 | AC26: E | AD26: 4 | AE26: {=IFERROR(_xlfn.TEXTJOIN(" - ",TRUE,_xlfn._xlws.FILTER($P$19:$P$22,$AA$19:$AA$22=4)),"")} -> Paraguay
B27: 17/06/2026 | C27: 11:00 | D27: Portugal vs RD Congo | E27: Estadio Houston | F27: {=_xlfn.XLOOKUP(TRUE,(GRUPOS!$B$40:$B$51=G27)+(GRUPOS!$C$40:$C$51=G27)+(GRUPOS!$D$40:$D$51=G27)+(GRUPOS!$E$40:$E$51=G27)>0,GRUPOS!$A$40:$A$51)} -> K | G27: =LEFT(D27,FIND(" vs ",D27)-1) -> Portugal | L27: =MID(D27,FIND(" vs ",D27)+4,LEN(D27)) -> RD Congo | M27: {=_xlfn.XLOOKUP(TRUE,(GRUPOS!$B$40:$B$51=L27)+(GRUPOS!$C$40:$C$51=L27)+(GRUPOS!$D$40:$D$51=L27)+(GRUPOS!$E$40:$E$51=L27)>0,GRUPOS!$A$40:$A$51)} -> K | O27: F | P27: Países Bajos | Q27: {=IFERROR(CHOOSE(MATCH(INDEX(_xlfn._xlws.FILTER($H$7:$H$1000,$G$7:$G$1000=P27),1),{"Perdió","Empató","Ganó"},0),0,1,3),"")} -> 1 | R27: {=IFERROR(CHOOSE(MATCH(INDEX(_xlfn._xlws.FILTER($H$7:$H$1000,$G$7:$G$1000=P27),2),{"Perdió","Empató","Ganó"},0),0,1,3),"")} | S27: {=IFERROR(CHOOSE(MATCH(INDEX(_xlfn._xlws.FILTER($K$7:$K$1000,$L$7:$L$1000=P27),1),{"Perdió","Empató","Ganó"},0),0,1,3),"")} | T27: {=IFERROR(CHOOSE(MATCH(INDEX(_xlfn._xlws.FILTER($K$7:$K$1000,$L$7:$L$1000=P27),2),{"Perdió","Empató","Ganó"},0),0,1,3),"")} | U27: =SUM(Q27:S27) -> 1 | V27: {=IFERROR(INDEX(_xlfn._xlws.FILTER($I$7:$I$1000-$J$7:$J$1000,$G$7:$G$1000=P27),1),"")} -> 0 | W27: {=IFERROR(INDEX(_xlfn._xlws.FILTER($I$7:$I$1000-$J$7:$J$1000,$G$7:$G$1000=P27),2),"")} -> 0 | X27: {=IFERROR(INDEX(_xlfn._xlws.FILTER($J$7:$J$1000-$I$7:$I$1000,$L$7:$L$1000=P27),1),"")} -> 0 | Y27: {=IFERROR(INDEX(_xlfn._xlws.FILTER($J$7:$J$1000-$I$7:$I$1000,$L$7:$L$1000=P27),2),"")} | Z27: =SUM(V27:Y27) -> 0 | AA27: {=1+SUMPRODUCT(($U$27:$U$30>U27)+(($U$27:$U$30=U27)*($Z$27:$Z$30>Z27)))} -> 1 | AC27: F | AD27: 1 | AE27: {=IFERROR(_xlfn.TEXTJOIN(" - ",TRUE,_xlfn._xlws.FILTER($P$27:$P$30,$AA$27:$AA$30=1)),"")} -> Países Bajos - Japón
B28: 17/06/2026 | C28: 14:00 | D28: Inglaterra vs Croacia | E28: Estadio Dallas | F28: {=_xlfn.XLOOKUP(TRUE,(GRUPOS!$B$40:$B$51=G28)+(GRUPOS!$C$40:$C$51=G28)+(GRUPOS!$D$40:$D$51=G28)+(GRUPOS!$E$40:$E$51=G28)>0,GRUPOS!$A$40:$A$51)} -> L | G28: =LEFT(D28,FIND(" vs ",D28)-1) -> Inglaterra | L28: =MID(D28,FIND(" vs ",D28)+4,LEN(D28)) -> Croacia | M28: {=_xlfn.XLOOKUP(TRUE,(GRUPOS!$B$40:$B$51=L28)+(GRUPOS!$C$40:$C$51=L28)+(GRUPOS!$D$40:$D$51=L28)+(GRUPOS!$E$40:$E$51=L28)>0,GRUPOS!$A$40:$A$51)} -> L | O28: F | P28: Japón | Q28: {=IFERROR(CHOOSE(MATCH(INDEX(_xlfn._xlws.FILTER($H$7:$H$1000,$G$7:$G$1000=P28),1),{"Perdió","Empató","Ganó"},0),0,1,3),"")} | R28: {=IFERROR(CHOOSE(MATCH(INDEX(_xlfn._xlws.FILTER($H$7:$H$1000,$G$7:$G$1000=P28),2),{"Perdió","Empató","Ganó"},0),0,1,3),"")} | S28: {=IFERROR(CHOOSE(MATCH(INDEX(_xlfn._xlws.FILTER($K$7:$K$1000,$L$7:$L$1000=P28),1),{"Perdió","Empató","Ganó"},0),0,1,3),"")} -> 1 | T28: {=IFERROR(CHOOSE(MATCH(INDEX(_xlfn._xlws.FILTER($K$7:$K$1000,$L$7:$L$1000=P28),2),{"Perdió","Empató","Ganó"},0),0,1,3),"")} | U28: =SUM(Q28:S28) -> 1 | V28: {=IFERROR(INDEX(_xlfn._xlws.FILTER($I$7:$I$1000-$J$7:$J$1000,$G$7:$G$1000=P28),1),"")} -> 0 | W28: {=IFERROR(INDEX(_xlfn._xlws.FILTER($I$7:$I$1000-$J$7:$J$1000,$G$7:$G$1000=P28),2),"")} | X28: {=IFERROR(INDEX(_xlfn._xlws.FILTER($J$7:$J$1000-$I$7:$I$1000,$L$7:$L$1000=P28),1),"")} -> 0 | Y28: {=IFERROR(INDEX(_xlfn._xlws.FILTER($J$7:$J$1000-$I$7:$I$1000,$L$7:$L$1000=P28),2),"")} -> 0 | Z28: =SUM(V28:Y28) -> 0 | AA28: {=1+SUMPRODUCT(($U$27:$U$30>U28)+(($U$27:$U$30=U28)*($Z$27:$Z$30>Z28)))} -> 1 | AC28: F | AD28: 2 | AE28: {=IFERROR(_xlfn.TEXTJOIN(" - ",TRUE,_xlfn._xlws.FILTER($P$27:$P$30,$AA$27:$AA$30=2)),"")}
B29: 17/06/2026 | C29: 17:00 | D29: Ghana vs Panamá | E29: Estadio Toronto | F29: {=_xlfn.XLOOKUP(TRUE,(GRUPOS!$B$40:$B$51=G29)+(GRUPOS!$C$40:$C$51=G29)+(GRUPOS!$D$40:$D$51=G29)+(GRUPOS!$E$40:$E$51=G29)>0,GRUPOS!$A$40:$A$51)} -> L | G29: =LEFT(D29,FIND(" vs ",D29)-1) -> Ghana | L29: =MID(D29,FIND(" vs ",D29)+4,LEN(D29)) -> Panamá | M29: {=_xlfn.XLOOKUP(TRUE,(GRUPOS!$B$40:$B$51=L29)+(GRUPOS!$C$40:$C$51=L29)+(GRUPOS!$D$40:$D$51=L29)+(GRUPOS!$E$40:$E$51=L29)>0,GRUPOS!$A$40:$A$51)} -> L | O29: F | P29: Suecia | Q29: {=IFERROR(CHOOSE(MATCH(INDEX(_xlfn._xlws.FILTER($H$7:$H$1000,$G$7:$G$1000=P29),1),{"Perdió","Empató","Ganó"},0),0,1,3),"")} | R29: {=IFERROR(CHOOSE(MATCH(INDEX(_xlfn._xlws.FILTER($H$7:$H$1000,$G$7:$G$1000=P29),2),{"Perdió","Empató","Ganó"},0),0,1,3),"")} | S29: {=IFERROR(CHOOSE(MATCH(INDEX(_xlfn._xlws.FILTER($K$7:$K$1000,$L$7:$L$1000=P29),1),{"Perdió","Empató","Ganó"},0),0,1,3),"")} | T29: {=IFERROR(CHOOSE(MATCH(INDEX(_xlfn._xlws.FILTER($K$7:$K$1000,$L$7:$L$1000=P29),2),{"Perdió","Empató","Ganó"},0),0,1,3),"")} | U29: =SUM(Q29:S29) -> 0 | V29: {=IFERROR(INDEX(_xlfn._xlws.FILTER($I$7:$I$1000-$J$7:$J$1000,$G$7:$G$1000=P29),1),"")} -> 0 | W29: {=IFERROR(INDEX(_xlfn._xlws.FILTER($I$7:$I$1000-$J$7:$J$1000,$G$7:$G$1000=P29),2),"")} | X29: {=IFERROR(INDEX(_xlfn._xlws.FILTER($J$7:$J$1000-$I$7:$I$1000,$L$7:$L$1000=P29),1),"")} -> 0 | Y29: {=IFERROR(INDEX(_xlfn._xlws.FILTER($J$7:$J$1000-$I$7:$I$1000,$L$7:$L$1000=P29),2),"")} -> 0 | Z29: =SUM(V29:Y29) -> 0 | AA29: {=1+SUMPRODUCT(($U$27:$U$30>U29)+(($U$27:$U$30=U29)*($Z$27:$Z$30>Z29)))} -> 3 | AC29: F | AD29: 3 | AE29: {=IFERROR(_xlfn.TEXTJOIN(" - ",TRUE,_xlfn._xlws.FILTER($P$27:$P$30,$AA$27:$AA$30=3)),"")} -> Suecia - Túnez
B30: 17/06/2026 | C30: 20:00 | D30: Uzbekistán vs Colombia | E30: Estadio Ciudad de México | F30: {=_xlfn.XLOOKUP(TRUE,(GRUPOS!$B$40:$B$51=G30)+(GRUPOS!$C$40:$C$51=G30)+(GRUPOS!$D$40:$D$51=G30)+(GRUPOS!$E$40:$E$51=G30)>0,GRUPOS!$A$40:$A$51)} -> K | G30: =LEFT(D30,FIND(" vs ",D30)-1) -> Uzbekistán | L30: =MID(D30,FIND(" vs ",D30)+4,LEN(D30)) -> Colombia | M30: {=_xlfn.XLOOKUP(TRUE,(GRUPOS!$B$40:$B$51=L30)+(GRUPOS!$C$40:$C$51=L30)+(GRUPOS!$D$40:$D$51=L30)+(GRUPOS!$E$40:$E$51=L30)>0,GRUPOS!$A$40:$A$51)} -> K | O30: F | P30: Túnez | Q30: {=IFERROR(CHOOSE(MATCH(INDEX(_xlfn._xlws.FILTER($H$7:$H$1000,$G$7:$G$1000=P30),1),{"Perdió","Empató","Ganó"},0),0,1,3),"")} | R30: {=IFERROR(CHOOSE(MATCH(INDEX(_xlfn._xlws.FILTER($H$7:$H$1000,$G$7:$G$1000=P30),2),{"Perdió","Empató","Ganó"},0),0,1,3),"")} | S30: {=IFERROR(CHOOSE(MATCH(INDEX(_xlfn._xlws.FILTER($K$7:$K$1000,$L$7:$L$1000=P30),1),{"Perdió","Empató","Ganó"},0),0,1,3),"")} | T30: {=IFERROR(CHOOSE(MATCH(INDEX(_xlfn._xlws.FILTER($K$7:$K$1000,$L$7:$L$1000=P30),2),{"Perdió","Empató","Ganó"},0),0,1,3),"")} | U30: =SUM(Q30:S30) -> 0 | V30: {=IFERROR(INDEX(_xlfn._xlws.FILTER($I$7:$I$1000-$J$7:$J$1000,$G$7:$G$1000=P30),1),"")} -> 0 | W30: {=IFERROR(INDEX(_xlfn._xlws.FILTER($I$7:$I$1000-$J$7:$J$1000,$G$7:$G$1000=P30),2),"")} -> 0 | X30: {=IFERROR(INDEX(_xlfn._xlws.FILTER($J$7:$J$1000-$I$7:$I$1000,$L$7:$L$1000=P30),1),"")} -> 0 | Y30: {=IFERROR(INDEX(_xlfn._xlws.FILTER($J$7:$J$1000-$I$7:$I$1000,$L$7:$L$1000=P30),2),"")} | Z30: =SUM(V30:Y30) -> 0 | AA30: {=1+SUMPRODUCT(($U$27:$U$30>U30)+(($U$27:$U$30=U30)*($Z$27:$Z$30>Z30)))} -> 3 | AC30: F | AD30: 4 | AE30: {=IFERROR(_xlfn.TEXTJOIN(" - ",TRUE,_xlfn._xlws.FILTER($P$27:$P$30,$AA$27:$AA$30=4)),"")}
B31: 18/06/2026 | C31: 10:00 | D31: Chequia vs Sudáfrica | E31: Estadio Atlanta | F31: {=_xlfn.XLOOKUP(TRUE,(GRUPOS!$B$40:$B$51=G31)+(GRUPOS!$C$40:$C$51=G31)+(GRUPOS!$D$40:$D$51=G31)+(GRUPOS!$E$40:$E$51=G31)>0,GRUPOS!$A$40:$A$51)} -> A | G31: =LEFT(D31,FIND(" vs ",D31)-1) -> Chequia | L31: =MID(D31,FIND(" vs ",D31)+4,LEN(D31)) -> Sudáfrica | M31: {=_xlfn.XLOOKUP(TRUE,(GRUPOS!$B$40:$B$51=L31)+(GRUPOS!$C$40:$C$51=L31)+(GRUPOS!$D$40:$D$51=L31)+(GRUPOS!$E$40:$E$51=L31)>0,GRUPOS!$A$40:$A$51)} -> A | O31: G | P31: Bélgica | Q31: {=IFERROR(CHOOSE(MATCH(INDEX(_xlfn._xlws.FILTER($H$7:$H$1000,$G$7:$G$1000=P31),1),{"Perdió","Empató","Ganó"},0),0,1,3),"")} | R31: {=IFERROR(CHOOSE(MATCH(INDEX(_xlfn._xlws.FILTER($H$7:$H$1000,$G$7:$G$1000=P31),2),{"Perdió","Empató","Ganó"},0),0,1,3),"")} | S31: {=IFERROR(CHOOSE(MATCH(INDEX(_xlfn._xlws.FILTER($K$7:$K$1000,$L$7:$L$1000=P31),1),{"Perdió","Empató","Ganó"},0),0,1,3),"")} | T31: {=IFERROR(CHOOSE(MATCH(INDEX(_xlfn._xlws.FILTER($K$7:$K$1000,$L$7:$L$1000=P31),2),{"Perdió","Empató","Ganó"},0),0,1,3),"")} | U31: =SUM(Q31:S31) -> 0 | V31: {=IFERROR(INDEX(_xlfn._xlws.FILTER($I$7:$I$1000-$J$7:$J$1000,$G$7:$G$1000=P31),1),"")} -> 0 | W31: {=IFERROR(INDEX(_xlfn._xlws.FILTER($I$7:$I$1000-$J$7:$J$1000,$G$7:$G$1000=P31),2),"")} -> 0 | X31: {=IFERROR(INDEX(_xlfn._xlws.FILTER($J$7:$J$1000-$I$7:$I$1000,$L$7:$L$1000=P31),1),"")} -> 0 | Y31: {=IFERROR(INDEX(_xlfn._xlws.FILTER($J$7:$J$1000-$I$7:$I$1000,$L$7:$L$1000=P31),2),"")} | Z31: =SUM(V31:Y31) -> 0 | AA31: {=1+SUMPRODUCT(($U$31:$U$34>U31)+(($U$31:$U$34=U31)*($Z$31:$Z$34>Z31)))} -> 1 | AC31: G | AD31: 1 | AE31: {=IFERROR(_xlfn.TEXTJOIN(" - ",TRUE,_xlfn._xlws.FILTER($P$31:$P$34,$AA$31:$AA$34=1)),"")} -> Bélgica - Egipto - Irán - Nueva Zelanda
B32: 18/06/2026 | C32: 13:00 | D32: Suiza vs Bosnia y Herzegovina | E32: Estadio Los Ángeles | F32: {=_xlfn.XLOOKUP(TRUE,(GRUPOS!$B$40:$B$51=G32)+(GRUPOS!$C$40:$C$51=G32)+(GRUPOS!$D$40:$D$51=G32)+(GRUPOS!$E$40:$E$51=G32)>0,GRUPOS!$A$40:$A$51)} -> B | G32: =LEFT(D32,FIND(" vs ",D32)-1) -> Suiza | L32: =MID(D32,FIND(" vs ",D32)+4,LEN(D32)) -> Bosnia y Herzegovina | M32: {=_xlfn.XLOOKUP(TRUE,(GRUPOS!$B$40:$B$51=L32)+(GRUPOS!$C$40:$C$51=L32)+(GRUPOS!$D$40:$D$51=L32)+(GRUPOS!$E$40:$E$51=L32)>0,GRUPOS!$A$40:$A$51)} -> B | O32: G | P32: Egipto | Q32: {=IFERROR(CHOOSE(MATCH(INDEX(_xlfn._xlws.FILTER($H$7:$H$1000,$G$7:$G$1000=P32),1),{"Perdió","Empató","Ganó"},0),0,1,3),"")} | R32: {=IFERROR(CHOOSE(MATCH(INDEX(_xlfn._xlws.FILTER($H$7:$H$1000,$G$7:$G$1000=P32),2),{"Perdió","Empató","Ganó"},0),0,1,3),"")} | S32: {=IFERROR(CHOOSE(MATCH(INDEX(_xlfn._xlws.FILTER($K$7:$K$1000,$L$7:$L$1000=P32),1),{"Perdió","Empató","Ganó"},0),0,1,3),"")} | T32: {=IFERROR(CHOOSE(MATCH(INDEX(_xlfn._xlws.FILTER($K$7:$K$1000,$L$7:$L$1000=P32),2),{"Perdió","Empató","Ganó"},0),0,1,3),"")} | U32: =SUM(Q32:S32) -> 0 | V32: {=IFERROR(INDEX(_xlfn._xlws.FILTER($I$7:$I$1000-$J$7:$J$1000,$G$7:$G$1000=P32),1),"")} -> 0 | W32: {=IFERROR(INDEX(_xlfn._xlws.FILTER($I$7:$I$1000-$J$7:$J$1000,$G$7:$G$1000=P32),2),"")} | X32: {=IFERROR(INDEX(_xlfn._xlws.FILTER($J$7:$J$1000-$I$7:$I$1000,$L$7:$L$1000=P32),1),"")} -> 0 | Y32: {=IFERROR(INDEX(_xlfn._xlws.FILTER($J$7:$J$1000-$I$7:$I$1000,$L$7:$L$1000=P32),2),"")} -> 0 | Z32: =SUM(V32:Y32) -> 0 | AA32: {=1+SUMPRODUCT(($U$31:$U$34>U32)+(($U$31:$U$34=U32)*($Z$31:$Z$34>Z32)))} -> 1 | AC32: G | AD32: 2
B33: 18/06/2026 | C33: 16:00 | D33: Canadá vs Qatar | E33: Estadio Vancouver | F33: {=_xlfn.XLOOKUP(TRUE,(GRUPOS!$B$40:$B$51=G33)+(GRUPOS!$C$40:$C$51=G33)+(GRUPOS!$D$40:$D$51=G33)+(GRUPOS!$E$40:$E$51=G33)>0,GRUPOS!$A$40:$A$51)} -> B | G33: =LEFT(D33,FIND(" vs ",D33)-1) -> Canadá | L33: =MID(D33,FIND(" vs ",D33)+4,LEN(D33)) -> Qatar | M33: {=_xlfn.XLOOKUP(TRUE,(GRUPOS!$B$40:$B$51=L33)+(GRUPOS!$C$40:$C$51=L33)+(GRUPOS!$D$40:$D$51=L33)+(GRUPOS!$E$40:$E$51=L33)>0,GRUPOS!$A$40:$A$51)} -> B | O33: G | P33: Irán | Q33: {=IFERROR(CHOOSE(MATCH(INDEX(_xlfn._xlws.FILTER($H$7:$H$1000,$G$7:$G$1000=P33),1),{"Perdió","Empató","Ganó"},0),0,1,3),"")} | R33: {=IFERROR(CHOOSE(MATCH(INDEX(_xlfn._xlws.FILTER($H$7:$H$1000,$G$7:$G$1000=P33),2),{"Perdió","Empató","Ganó"},0),0,1,3),"")} | S33: {=IFERROR(CHOOSE(MATCH(INDEX(_xlfn._xlws.FILTER($K$7:$K$1000,$L$7:$L$1000=P33),1),{"Perdió","Empató","Ganó"},0),0,1,3),"")} | T33: {=IFERROR(CHOOSE(MATCH(INDEX(_xlfn._xlws.FILTER($K$7:$K$1000,$L$7:$L$1000=P33),2),{"Perdió","Empató","Ganó"},0),0,1,3),"")} | U33: =SUM(Q33:S33) -> 0 | V33: {=IFERROR(INDEX(_xlfn._xlws.FILTER($I$7:$I$1000-$J$7:$J$1000,$G$7:$G$1000=P33),1),"")} -> 0 | W33: {=IFERROR(INDEX(_xlfn._xlws.FILTER($I$7:$I$1000-$J$7:$J$1000,$G$7:$G$1000=P33),2),"")} | X33: {=IFERROR(INDEX(_xlfn._xlws.FILTER($J$7:$J$1000-$I$7:$I$1000,$L$7:$L$1000=P33),1),"")} -> 0 | Y33: {=IFERROR(INDEX(_xlfn._xlws.FILTER($J$7:$J$1000-$I$7:$I$1000,$L$7:$L$1000=P33),2),"")} -> 0 | Z33: =SUM(V33:Y33) -> 0 | AA33: {=1+SUMPRODUCT(($U$31:$U$34>U33)+(($U$31:$U$34=U33)*($Z$31:$Z$34>Z33)))} -> 1 | AC33: G | AD33: 3
B34: 18/06/2026 | C34: 19:00 | D34: México vs Corea del Sur | E34: Estadio Guadalajara | F34: {=_xlfn.XLOOKUP(TRUE,(GRUPOS!$B$40:$B$51=G34)+(GRUPOS!$C$40:$C$51=G34)+(GRUPOS!$D$40:$D$51=G34)+(GRUPOS!$E$40:$E$51=G34)>0,GRUPOS!$A$40:$A$51)} -> A | G34: =LEFT(D34,FIND(" vs ",D34)-1) -> México | L34: =MID(D34,FIND(" vs ",D34)+4,LEN(D34)) -> Corea del Sur | M34: {=_xlfn.XLOOKUP(TRUE,(GRUPOS!$B$40:$B$51=L34)+(GRUPOS!$C$40:$C$51=L34)+(GRUPOS!$D$40:$D$51=L34)+(GRUPOS!$E$40:$E$51=L34)>0,GRUPOS!$A$40:$A$51)} -> A | O34: G | P34: Nueva Zelanda | Q34: {=IFERROR(CHOOSE(MATCH(INDEX(_xlfn._xlws.FILTER($H$7:$H$1000,$G$7:$G$1000=P34),1),{"Perdió","Empató","Ganó"},0),0,1,3),"")} | R34: {=IFERROR(CHOOSE(MATCH(INDEX(_xlfn._xlws.FILTER($H$7:$H$1000,$G$7:$G$1000=P34),2),{"Perdió","Empató","Ganó"},0),0,1,3),"")} | S34: {=IFERROR(CHOOSE(MATCH(INDEX(_xlfn._xlws.FILTER($K$7:$K$1000,$L$7:$L$1000=P34),1),{"Perdió","Empató","Ganó"},0),0,1,3),"")} | T34: {=IFERROR(CHOOSE(MATCH(INDEX(_xlfn._xlws.FILTER($K$7:$K$1000,$L$7:$L$1000=P34),2),{"Perdió","Empató","Ganó"},0),0,1,3),"")} | U34: =SUM(Q34:S34) -> 0 | V34: {=IFERROR(INDEX(_xlfn._xlws.FILTER($I$7:$I$1000-$J$7:$J$1000,$G$7:$G$1000=P34),1),"")} -> 0 | W34: {=IFERROR(INDEX(_xlfn._xlws.FILTER($I$7:$I$1000-$J$7:$J$1000,$G$7:$G$1000=P34),2),"")} -> 0 | X34: {=IFERROR(INDEX(_xlfn._xlws.FILTER($J$7:$J$1000-$I$7:$I$1000,$L$7:$L$1000=P34),1),"")} -> 0 | Y34: {=IFERROR(INDEX(_xlfn._xlws.FILTER($J$7:$J$1000-$I$7:$I$1000,$L$7:$L$1000=P34),2),"")} | Z34: =SUM(V34:Y34) -> 0 | AA34: {=1+SUMPRODUCT(($U$31:$U$34>U34)+(($U$31:$U$34=U34)*($Z$31:$Z$34>Z34)))} -> 1 | AC34: G | AD34: 4
B35: 19/06/2026 | C35: 13:00 | D35: Estados Unidos vs Australia | E35: Estadio Seattle | F35: {=_xlfn.XLOOKUP(TRUE,(GRUPOS!$B$40:$B$51=G35)+(GRUPOS!$C$40:$C$51=G35)+(GRUPOS!$D$40:$D$51=G35)+(GRUPOS!$E$40:$E$51=G35)>0,GRUPOS!$A$40:$A$51)} -> D | G35: =LEFT(D35,FIND(" vs ",D35)-1) -> Estados Unidos | L35: =MID(D35,FIND(" vs ",D35)+4,LEN(D35)) -> Australia | M35: {=_xlfn.XLOOKUP(TRUE,(GRUPOS!$B$40:$B$51=L35)+(GRUPOS!$C$40:$C$51=L35)+(GRUPOS!$D$40:$D$51=L35)+(GRUPOS!$E$40:$E$51=L35)>0,GRUPOS!$A$40:$A$51)} -> D | O35: H | P35: España | Q35: {=IFERROR(CHOOSE(MATCH(INDEX(_xlfn._xlws.FILTER($H$7:$H$1000,$G$7:$G$1000=P35),1),{"Perdió","Empató","Ganó"},0),0,1,3),"")} | R35: {=IFERROR(CHOOSE(MATCH(INDEX(_xlfn._xlws.FILTER($H$7:$H$1000,$G$7:$G$1000=P35),2),{"Perdió","Empató","Ganó"},0),0,1,3),"")} | S35: {=IFERROR(CHOOSE(MATCH(INDEX(_xlfn._xlws.FILTER($K$7:$K$1000,$L$7:$L$1000=P35),1),{"Perdió","Empató","Ganó"},0),0,1,3),"")} | T35: {=IFERROR(CHOOSE(MATCH(INDEX(_xlfn._xlws.FILTER($K$7:$K$1000,$L$7:$L$1000=P35),2),{"Perdió","Empató","Ganó"},0),0,1,3),"")} | U35: =SUM(Q35:S35) -> 0 | V35: {=IFERROR(INDEX(_xlfn._xlws.FILTER($I$7:$I$1000-$J$7:$J$1000,$G$7:$G$1000=P35),1),"")} -> 0 | W35: {=IFERROR(INDEX(_xlfn._xlws.FILTER($I$7:$I$1000-$J$7:$J$1000,$G$7:$G$1000=P35),2),"")} -> 0 | X35: {=IFERROR(INDEX(_xlfn._xlws.FILTER($J$7:$J$1000-$I$7:$I$1000,$L$7:$L$1000=P35),1),"")} -> 0 | Y35: {=IFERROR(INDEX(_xlfn._xlws.FILTER($J$7:$J$1000-$I$7:$I$1000,$L$7:$L$1000=P35),2),"")} | Z35: =SUM(V35:Y35) -> 0 | AA35: {=1+SUMPRODUCT(($U$35:$U$38>U35)+(($U$35:$U$38=U35)*($Z$35:$Z$38>Z35)))} -> 1 | AC35: H | AD35: 1 | AE35: {=IFERROR(_xlfn.TEXTJOIN(" - ",TRUE,_xlfn._xlws.FILTER($P$35:$P$38,$AA$35:$AA$38=1)),"")} -> España - Cabo Verde - Arabia Saudita - Uruguay
B36: 19/06/2026 | C36: 16:00 | D36: Escocia vs Marruecos | E36: Estadio Boston | F36: {=_xlfn.XLOOKUP(TRUE,(GRUPOS!$B$40:$B$51=G36)+(GRUPOS!$C$40:$C$51=G36)+(GRUPOS!$D$40:$D$51=G36)+(GRUPOS!$E$40:$E$51=G36)>0,GRUPOS!$A$40:$A$51)} -> C | G36: =LEFT(D36,FIND(" vs ",D36)-1) -> Escocia | L36: =MID(D36,FIND(" vs ",D36)+4,LEN(D36)) -> Marruecos | M36: {=_xlfn.XLOOKUP(TRUE,(GRUPOS!$B$40:$B$51=L36)+(GRUPOS!$C$40:$C$51=L36)+(GRUPOS!$D$40:$D$51=L36)+(GRUPOS!$E$40:$E$51=L36)>0,GRUPOS!$A$40:$A$51)} -> C | O36: H | P36: Cabo Verde | Q36: {=IFERROR(CHOOSE(MATCH(INDEX(_xlfn._xlws.FILTER($H$7:$H$1000,$G$7:$G$1000=P36),1),{"Perdió","Empató","Ganó"},0),0,1,3),"")} | R36: {=IFERROR(CHOOSE(MATCH(INDEX(_xlfn._xlws.FILTER($H$7:$H$1000,$G$7:$G$1000=P36),2),{"Perdió","Empató","Ganó"},0),0,1,3),"")} | S36: {=IFERROR(CHOOSE(MATCH(INDEX(_xlfn._xlws.FILTER($K$7:$K$1000,$L$7:$L$1000=P36),1),{"Perdió","Empató","Ganó"},0),0,1,3),"")} | T36: {=IFERROR(CHOOSE(MATCH(INDEX(_xlfn._xlws.FILTER($K$7:$K$1000,$L$7:$L$1000=P36),2),{"Perdió","Empató","Ganó"},0),0,1,3),"")} | U36: =SUM(Q36:S36) -> 0 | V36: {=IFERROR(INDEX(_xlfn._xlws.FILTER($I$7:$I$1000-$J$7:$J$1000,$G$7:$G$1000=P36),1),"")} -> 0 | W36: {=IFERROR(INDEX(_xlfn._xlws.FILTER($I$7:$I$1000-$J$7:$J$1000,$G$7:$G$1000=P36),2),"")} | X36: {=IFERROR(INDEX(_xlfn._xlws.FILTER($J$7:$J$1000-$I$7:$I$1000,$L$7:$L$1000=P36),1),"")} -> 0 | Y36: {=IFERROR(INDEX(_xlfn._xlws.FILTER($J$7:$J$1000-$I$7:$I$1000,$L$7:$L$1000=P36),2),"")} -> 0 | Z36: =SUM(V36:Y36) -> 0 | AA36: {=1+SUMPRODUCT(($U$35:$U$38>U36)+(($U$35:$U$38=U36)*($Z$35:$Z$38>Z36)))} -> 1 | AC36: H | AD36: 2 | AE36: {=IFERROR(_xlfn.TEXTJOIN(" - ",TRUE,_xlfn._xlws.FILTER($P$35:$P$38,$AA$35:$AA$38=2)),"")}
B37: 19/06/2026 | C37: 18:30 | D37: Brasil vs Haití | E37: Estadio Filadelfia | F37: {=_xlfn.XLOOKUP(TRUE,(GRUPOS!$B$40:$B$51=G37)+(GRUPOS!$C$40:$C$51=G37)+(GRUPOS!$D$40:$D$51=G37)+(GRUPOS!$E$40:$E$51=G37)>0,GRUPOS!$A$40:$A$51)} -> C | G37: =LEFT(D37,FIND(" vs ",D37)-1) -> Brasil | L37: =MID(D37,FIND(" vs ",D37)+4,LEN(D37)) -> Haití | M37: {=_xlfn.XLOOKUP(TRUE,(GRUPOS!$B$40:$B$51=L37)+(GRUPOS!$C$40:$C$51=L37)+(GRUPOS!$D$40:$D$51=L37)+(GRUPOS!$E$40:$E$51=L37)>0,GRUPOS!$A$40:$A$51)} -> C | O37: H | P37: Arabia Saudita | Q37: {=IFERROR(CHOOSE(MATCH(INDEX(_xlfn._xlws.FILTER($H$7:$H$1000,$G$7:$G$1000=P37),1),{"Perdió","Empató","Ganó"},0),0,1,3),"")} | R37: {=IFERROR(CHOOSE(MATCH(INDEX(_xlfn._xlws.FILTER($H$7:$H$1000,$G$7:$G$1000=P37),2),{"Perdió","Empató","Ganó"},0),0,1,3),"")} | S37: {=IFERROR(CHOOSE(MATCH(INDEX(_xlfn._xlws.FILTER($K$7:$K$1000,$L$7:$L$1000=P37),1),{"Perdió","Empató","Ganó"},0),0,1,3),"")} | T37: {=IFERROR(CHOOSE(MATCH(INDEX(_xlfn._xlws.FILTER($K$7:$K$1000,$L$7:$L$1000=P37),2),{"Perdió","Empató","Ganó"},0),0,1,3),"")} | U37: =SUM(Q37:S37) -> 0 | V37: {=IFERROR(INDEX(_xlfn._xlws.FILTER($I$7:$I$1000-$J$7:$J$1000,$G$7:$G$1000=P37),1),"")} -> 0 | W37: {=IFERROR(INDEX(_xlfn._xlws.FILTER($I$7:$I$1000-$J$7:$J$1000,$G$7:$G$1000=P37),2),"")} | X37: {=IFERROR(INDEX(_xlfn._xlws.FILTER($J$7:$J$1000-$I$7:$I$1000,$L$7:$L$1000=P37),1),"")} -> 0 | Y37: {=IFERROR(INDEX(_xlfn._xlws.FILTER($J$7:$J$1000-$I$7:$I$1000,$L$7:$L$1000=P37),2),"")} -> 0 | Z37: =SUM(V37:Y37) -> 0 | AA37: {=1+SUMPRODUCT(($U$35:$U$38>U37)+(($U$35:$U$38=U37)*($Z$35:$Z$38>Z37)))} -> 1 | AC37: H | AD37: 3 | AE37: {=IFERROR(_xlfn.TEXTJOIN(" - ",TRUE,_xlfn._xlws.FILTER($P$35:$P$38,$AA$35:$AA$38=3)),"")}
B38: 19/06/2026 | C38: 21:00 | D38: Turquía vs Paraguay | E38: Estadio Bahía de San Francisco | F38: {=_xlfn.XLOOKUP(TRUE,(GRUPOS!$B$40:$B$51=G38)+(GRUPOS!$C$40:$C$51=G38)+(GRUPOS!$D$40:$D$51=G38)+(GRUPOS!$E$40:$E$51=G38)>0,GRUPOS!$A$40:$A$51)} -> D | G38: =LEFT(D38,FIND(" vs ",D38)-1) -> Turquía | L38: =MID(D38,FIND(" vs ",D38)+4,LEN(D38)) -> Paraguay | M38: {=_xlfn.XLOOKUP(TRUE,(GRUPOS!$B$40:$B$51=L38)+(GRUPOS!$C$40:$C$51=L38)+(GRUPOS!$D$40:$D$51=L38)+(GRUPOS!$E$40:$E$51=L38)>0,GRUPOS!$A$40:$A$51)} -> D | O38: H | P38: Uruguay | Q38: {=IFERROR(CHOOSE(MATCH(INDEX(_xlfn._xlws.FILTER($H$7:$H$1000,$G$7:$G$1000=P38),1),{"Perdió","Empató","Ganó"},0),0,1,3),"")} | R38: {=IFERROR(CHOOSE(MATCH(INDEX(_xlfn._xlws.FILTER($H$7:$H$1000,$G$7:$G$1000=P38),2),{"Perdió","Empató","Ganó"},0),0,1,3),"")} | S38: {=IFERROR(CHOOSE(MATCH(INDEX(_xlfn._xlws.FILTER($K$7:$K$1000,$L$7:$L$1000=P38),1),{"Perdió","Empató","Ganó"},0),0,1,3),"")} | T38: {=IFERROR(CHOOSE(MATCH(INDEX(_xlfn._xlws.FILTER($K$7:$K$1000,$L$7:$L$1000=P38),2),{"Perdió","Empató","Ganó"},0),0,1,3),"")} | U38: =SUM(Q38:S38) -> 0 | V38: {=IFERROR(INDEX(_xlfn._xlws.FILTER($I$7:$I$1000-$J$7:$J$1000,$G$7:$G$1000=P38),1),"")} -> 0 | W38: {=IFERROR(INDEX(_xlfn._xlws.FILTER($I$7:$I$1000-$J$7:$J$1000,$G$7:$G$1000=P38),2),"")} -> 0 | X38: {=IFERROR(INDEX(_xlfn._xlws.FILTER($J$7:$J$1000-$I$7:$I$1000,$L$7:$L$1000=P38),1),"")} -> 0 | Y38: {=IFERROR(INDEX(_xlfn._xlws.FILTER($J$7:$J$1000-$I$7:$I$1000,$L$7:$L$1000=P38),2),"")} | Z38: =SUM(V38:Y38) -> 0 | AA38: {=1+SUMPRODUCT(($U$35:$U$38>U38)+(($U$35:$U$38=U38)*($Z$35:$Z$38>Z38)))} -> 1 | AC38: H | AD38: 4 | AE38: {=IFERROR(_xlfn.TEXTJOIN(" - ",TRUE,_xlfn._xlws.FILTER($P$35:$P$38,$AA$35:$AA$38=4)),"")}
B39: 20/06/2026 | C39: 11:00 | D39: Países Bajos vs Suecia | E39: Estadio Houston | F39: {=_xlfn.XLOOKUP(TRUE,(GRUPOS!$B$40:$B$51=G39)+(GRUPOS!$C$40:$C$51=G39)+(GRUPOS!$D$40:$D$51=G39)+(GRUPOS!$E$40:$E$51=G39)>0,GRUPOS!$A$40:$A$51)} -> F | G39: =LEFT(D39,FIND(" vs ",D39)-1) -> Países Bajos | L39: =MID(D39,FIND(" vs ",D39)+4,LEN(D39)) -> Suecia | M39: {=_xlfn.XLOOKUP(TRUE,(GRUPOS!$B$40:$B$51=L39)+(GRUPOS!$C$40:$C$51=L39)+(GRUPOS!$D$40:$D$51=L39)+(GRUPOS!$E$40:$E$51=L39)>0,GRUPOS!$A$40:$A$51)} -> F | O39: I | P39: Francia | Q39: {=IFERROR(CHOOSE(MATCH(INDEX(_xlfn._xlws.FILTER($H$7:$H$1000,$G$7:$G$1000=P39),1),{"Perdió","Empató","Ganó"},0),0,1,3),"")} | R39: {=IFERROR(CHOOSE(MATCH(INDEX(_xlfn._xlws.FILTER($H$7:$H$1000,$G$7:$G$1000=P39),2),{"Perdió","Empató","Ganó"},0),0,1,3),"")} | S39: {=IFERROR(CHOOSE(MATCH(INDEX(_xlfn._xlws.FILTER($K$7:$K$1000,$L$7:$L$1000=P39),1),{"Perdió","Empató","Ganó"},0),0,1,3),"")} | T39: {=IFERROR(CHOOSE(MATCH(INDEX(_xlfn._xlws.FILTER($K$7:$K$1000,$L$7:$L$1000=P39),2),{"Perdió","Empató","Ganó"},0),0,1,3),"")} | U39: =SUM(Q39:S39) -> 0 | V39: {=IFERROR(INDEX(_xlfn._xlws.FILTER($I$7:$I$1000-$J$7:$J$1000,$G$7:$G$1000=P39),1),"")} -> 0 | W39: {=IFERROR(INDEX(_xlfn._xlws.FILTER($I$7:$I$1000-$J$7:$J$1000,$G$7:$G$1000=P39),2),"")} -> 0 | X39: {=IFERROR(INDEX(_xlfn._xlws.FILTER($J$7:$J$1000-$I$7:$I$1000,$L$7:$L$1000=P39),1),"")} -> 0 | Y39: {=IFERROR(INDEX(_xlfn._xlws.FILTER($J$7:$J$1000-$I$7:$I$1000,$L$7:$L$1000=P39),2),"")} | Z39: =SUM(V39:Y39) -> 0 | AA39: {=1+SUMPRODUCT(($U$39:$U$42>U39)+(($U$39:$U$42=U39)*($Z$39:$Z$42>Z39)))} -> 1 | AC39: I | AD39: 1 | AE39: {=IFERROR(_xlfn.TEXTJOIN(" - ",TRUE,_xlfn._xlws.FILTER($P$39:$P$42,$AA$39:$AA$42=1)),"")} -> Francia - Senegal - Irak - Noruega
B40: 20/06/2026 | C40: 14:00 | D40: Alemania vs Costa de Marfil | E40: Estadio Toronto | F40: {=_xlfn.XLOOKUP(TRUE,(GRUPOS!$B$40:$B$51=G40)+(GRUPOS!$C$40:$C$51=G40)+(GRUPOS!$D$40:$D$51=G40)+(GRUPOS!$E$40:$E$51=G40)>0,GRUPOS!$A$40:$A$51)} -> E | G40: =LEFT(D40,FIND(" vs ",D40)-1) -> Alemania | L40: =MID(D40,FIND(" vs ",D40)+4,LEN(D40)) -> Costa de Marfil | M40: {=_xlfn.XLOOKUP(TRUE,(GRUPOS!$B$40:$B$51=L40)+(GRUPOS!$C$40:$C$51=L40)+(GRUPOS!$D$40:$D$51=L40)+(GRUPOS!$E$40:$E$51=L40)>0,GRUPOS!$A$40:$A$51)} -> E | O40: I | P40: Senegal | Q40: {=IFERROR(CHOOSE(MATCH(INDEX(_xlfn._xlws.FILTER($H$7:$H$1000,$G$7:$G$1000=P40),1),{"Perdió","Empató","Ganó"},0),0,1,3),"")} | R40: {=IFERROR(CHOOSE(MATCH(INDEX(_xlfn._xlws.FILTER($H$7:$H$1000,$G$7:$G$1000=P40),2),{"Perdió","Empató","Ganó"},0),0,1,3),"")} | S40: {=IFERROR(CHOOSE(MATCH(INDEX(_xlfn._xlws.FILTER($K$7:$K$1000,$L$7:$L$1000=P40),1),{"Perdió","Empató","Ganó"},0),0,1,3),"")} | T40: {=IFERROR(CHOOSE(MATCH(INDEX(_xlfn._xlws.FILTER($K$7:$K$1000,$L$7:$L$1000=P40),2),{"Perdió","Empató","Ganó"},0),0,1,3),"")} | U40: =SUM(Q40:S40) -> 0 | V40: {=IFERROR(INDEX(_xlfn._xlws.FILTER($I$7:$I$1000-$J$7:$J$1000,$G$7:$G$1000=P40),1),"")} -> 0 | W40: {=IFERROR(INDEX(_xlfn._xlws.FILTER($I$7:$I$1000-$J$7:$J$1000,$G$7:$G$1000=P40),2),"")} | X40: {=IFERROR(INDEX(_xlfn._xlws.FILTER($J$7:$J$1000-$I$7:$I$1000,$L$7:$L$1000=P40),1),"")} -> 0 | Y40: {=IFERROR(INDEX(_xlfn._xlws.FILTER($J$7:$J$1000-$I$7:$I$1000,$L$7:$L$1000=P40),2),"")} -> 0 | Z40: =SUM(V40:Y40) -> 0 | AA40: {=1+SUMPRODUCT(($U$39:$U$42>U40)+(($U$39:$U$42=U40)*($Z$39:$Z$42>Z40)))} -> 1 | AC40: I | AD40: 2 | AE40: {=IFERROR(_xlfn.TEXTJOIN(" - ",TRUE,_xlfn._xlws.FILTER($P$39:$P$42,$AA$39:$AA$42=2)),"")}
B41: 20/06/2026 | C41: 18:00 | D41: Ecuador vs Curazao | E41: Estadio Kansas City | F41: {=_xlfn.XLOOKUP(TRUE,(GRUPOS!$B$40:$B$51=G41)+(GRUPOS!$C$40:$C$51=G41)+(GRUPOS!$D$40:$D$51=G41)+(GRUPOS!$E$40:$E$51=G41)>0,GRUPOS!$A$40:$A$51)} -> E | G41: =LEFT(D41,FIND(" vs ",D41)-1) -> Ecuador | L41: =MID(D41,FIND(" vs ",D41)+4,LEN(D41)) -> Curazao | M41: {=_xlfn.XLOOKUP(TRUE,(GRUPOS!$B$40:$B$51=L41)+(GRUPOS!$C$40:$C$51=L41)+(GRUPOS!$D$40:$D$51=L41)+(GRUPOS!$E$40:$E$51=L41)>0,GRUPOS!$A$40:$A$51)} -> E | O41: I | P41: Irak | Q41: {=IFERROR(CHOOSE(MATCH(INDEX(_xlfn._xlws.FILTER($H$7:$H$1000,$G$7:$G$1000=P41),1),{"Perdió","Empató","Ganó"},0),0,1,3),"")} | R41: {=IFERROR(CHOOSE(MATCH(INDEX(_xlfn._xlws.FILTER($H$7:$H$1000,$G$7:$G$1000=P41),2),{"Perdió","Empató","Ganó"},0),0,1,3),"")} | S41: {=IFERROR(CHOOSE(MATCH(INDEX(_xlfn._xlws.FILTER($K$7:$K$1000,$L$7:$L$1000=P41),1),{"Perdió","Empató","Ganó"},0),0,1,3),"")} | T41: {=IFERROR(CHOOSE(MATCH(INDEX(_xlfn._xlws.FILTER($K$7:$K$1000,$L$7:$L$1000=P41),2),{"Perdió","Empató","Ganó"},0),0,1,3),"")} | U41: =SUM(Q41:S41) -> 0 | V41: {=IFERROR(INDEX(_xlfn._xlws.FILTER($I$7:$I$1000-$J$7:$J$1000,$G$7:$G$1000=P41),1),"")} -> 0 | W41: {=IFERROR(INDEX(_xlfn._xlws.FILTER($I$7:$I$1000-$J$7:$J$1000,$G$7:$G$1000=P41),2),"")} | X41: {=IFERROR(INDEX(_xlfn._xlws.FILTER($J$7:$J$1000-$I$7:$I$1000,$L$7:$L$1000=P41),1),"")} -> 0 | Y41: {=IFERROR(INDEX(_xlfn._xlws.FILTER($J$7:$J$1000-$I$7:$I$1000,$L$7:$L$1000=P41),2),"")} -> 0 | Z41: =SUM(V41:Y41) -> 0 | AA41: {=1+SUMPRODUCT(($U$39:$U$42>U41)+(($U$39:$U$42=U41)*($Z$39:$Z$42>Z41)))} -> 1 | AC41: I | AD41: 3 | AE41: {=IFERROR(_xlfn.TEXTJOIN(" - ",TRUE,_xlfn._xlws.FILTER($P$39:$P$42,$AA$39:$AA$42=3)),"")}
B42: 20/06/2026 | C42: 22:00 | D42: Túnez vs Japón | E42: Estadio Monterrey | F42: {=_xlfn.XLOOKUP(TRUE,(GRUPOS!$B$40:$B$51=G42)+(GRUPOS!$C$40:$C$51=G42)+(GRUPOS!$D$40:$D$51=G42)+(GRUPOS!$E$40:$E$51=G42)>0,GRUPOS!$A$40:$A$51)} -> F | G42: =LEFT(D42,FIND(" vs ",D42)-1) -> Túnez | L42: =MID(D42,FIND(" vs ",D42)+4,LEN(D42)) -> Japón | M42: {=_xlfn.XLOOKUP(TRUE,(GRUPOS!$B$40:$B$51=L42)+(GRUPOS!$C$40:$C$51=L42)+(GRUPOS!$D$40:$D$51=L42)+(GRUPOS!$E$40:$E$51=L42)>0,GRUPOS!$A$40:$A$51)} -> F | O42: I | P42: Noruega | Q42: {=IFERROR(CHOOSE(MATCH(INDEX(_xlfn._xlws.FILTER($H$7:$H$1000,$G$7:$G$1000=P42),1),{"Perdió","Empató","Ganó"},0),0,1,3),"")} | R42: {=IFERROR(CHOOSE(MATCH(INDEX(_xlfn._xlws.FILTER($H$7:$H$1000,$G$7:$G$1000=P42),2),{"Perdió","Empató","Ganó"},0),0,1,3),"")} | S42: {=IFERROR(CHOOSE(MATCH(INDEX(_xlfn._xlws.FILTER($K$7:$K$1000,$L$7:$L$1000=P42),1),{"Perdió","Empató","Ganó"},0),0,1,3),"")} | T42: {=IFERROR(CHOOSE(MATCH(INDEX(_xlfn._xlws.FILTER($K$7:$K$1000,$L$7:$L$1000=P42),2),{"Perdió","Empató","Ganó"},0),0,1,3),"")} | U42: =SUM(Q42:S42) -> 0 | V42: {=IFERROR(INDEX(_xlfn._xlws.FILTER($I$7:$I$1000-$J$7:$J$1000,$G$7:$G$1000=P42),1),"")} -> 0 | W42: {=IFERROR(INDEX(_xlfn._xlws.FILTER($I$7:$I$1000-$J$7:$J$1000,$G$7:$G$1000=P42),2),"")} -> 0 | X42: {=IFERROR(INDEX(_xlfn._xlws.FILTER($J$7:$J$1000-$I$7:$I$1000,$L$7:$L$1000=P42),1),"")} -> 0 | Y42: {=IFERROR(INDEX(_xlfn._xlws.FILTER($J$7:$J$1000-$I$7:$I$1000,$L$7:$L$1000=P42),2),"")} | Z42: =SUM(V42:Y42) -> 0 | AA42: {=1+SUMPRODUCT(($U$39:$U$42>U42)+(($U$39:$U$42=U42)*($Z$39:$Z$42>Z42)))} -> 1 | AC42: I | AD42: 4 | AE42: {=IFERROR(_xlfn.TEXTJOIN(" - ",TRUE,_xlfn._xlws.FILTER($P$39:$P$42,$AA$39:$AA$42=4)),"")}
B43: 21/06/2026 | C43: 10:00 | D43: España vs Arabia Saudita | E43: Estadio Atlanta | F43: {=_xlfn.XLOOKUP(TRUE,(GRUPOS!$B$40:$B$51=G43)+(GRUPOS!$C$40:$C$51=G43)+(GRUPOS!$D$40:$D$51=G43)+(GRUPOS!$E$40:$E$51=G43)>0,GRUPOS!$A$40:$A$51)} -> H | G43: =LEFT(D43,FIND(" vs ",D43)-1) -> España | L43: =MID(D43,FIND(" vs ",D43)+4,LEN(D43)) -> Arabia Saudita | M43: {=_xlfn.XLOOKUP(TRUE,(GRUPOS!$B$40:$B$51=L43)+(GRUPOS!$C$40:$C$51=L43)+(GRUPOS!$D$40:$D$51=L43)+(GRUPOS!$E$40:$E$51=L43)>0,GRUPOS!$A$40:$A$51)} -> H | O43: J | P43: Argentina | Q43: {=IFERROR(CHOOSE(MATCH(INDEX(_xlfn._xlws.FILTER($H$7:$H$1000,$G$7:$G$1000=P43),1),{"Perdió","Empató","Ganó"},0),0,1,3),"")} | R43: {=IFERROR(CHOOSE(MATCH(INDEX(_xlfn._xlws.FILTER($H$7:$H$1000,$G$7:$G$1000=P43),2),{"Perdió","Empató","Ganó"},0),0,1,3),"")} | S43: {=IFERROR(CHOOSE(MATCH(INDEX(_xlfn._xlws.FILTER($K$7:$K$1000,$L$7:$L$1000=P43),1),{"Perdió","Empató","Ganó"},0),0,1,3),"")} | T43: {=IFERROR(CHOOSE(MATCH(INDEX(_xlfn._xlws.FILTER($K$7:$K$1000,$L$7:$L$1000=P43),2),{"Perdió","Empató","Ganó"},0),0,1,3),"")} | U43: =SUM(Q43:S43) -> 0 | V43: {=IFERROR(INDEX(_xlfn._xlws.FILTER($I$7:$I$1000-$J$7:$J$1000,$G$7:$G$1000=P43),1),"")} -> 0 | W43: {=IFERROR(INDEX(_xlfn._xlws.FILTER($I$7:$I$1000-$J$7:$J$1000,$G$7:$G$1000=P43),2),"")} -> 0 | X43: {=IFERROR(INDEX(_xlfn._xlws.FILTER($J$7:$J$1000-$I$7:$I$1000,$L$7:$L$1000=P43),1),"")} -> 0 | Y43: {=IFERROR(INDEX(_xlfn._xlws.FILTER($J$7:$J$1000-$I$7:$I$1000,$L$7:$L$1000=P43),2),"")} | Z43: =SUM(V43:Y43) -> 0 | AA43: {=1+SUMPRODUCT(($U$43:$U$46>U43)+(($U$43:$U$46=U43)*($Z$43:$Z$46>Z43)))} -> 1 | AC43: J | AD43: 1 | AE43: {=IFERROR(_xlfn.TEXTJOIN(" - ",TRUE,_xlfn._xlws.FILTER($P$43:$P$46,$AA$43:$AA$46=1)),"")} -> Argentina - Argelia - Austria - Jordania
B44: 21/06/2026 | C44: 13:00 | D44: Bélgica vs Irán | E44: Estadio Los Ángeles | F44: {=_xlfn.XLOOKUP(TRUE,(GRUPOS!$B$40:$B$51=G44)+(GRUPOS!$C$40:$C$51=G44)+(GRUPOS!$D$40:$D$51=G44)+(GRUPOS!$E$40:$E$51=G44)>0,GRUPOS!$A$40:$A$51)} -> G | G44: =LEFT(D44,FIND(" vs ",D44)-1) -> Bélgica | L44: =MID(D44,FIND(" vs ",D44)+4,LEN(D44)) -> Irán | M44: {=_xlfn.XLOOKUP(TRUE,(GRUPOS!$B$40:$B$51=L44)+(GRUPOS!$C$40:$C$51=L44)+(GRUPOS!$D$40:$D$51=L44)+(GRUPOS!$E$40:$E$51=L44)>0,GRUPOS!$A$40:$A$51)} -> G | O44: J | P44: Argelia | Q44: {=IFERROR(CHOOSE(MATCH(INDEX(_xlfn._xlws.FILTER($H$7:$H$1000,$G$7:$G$1000=P44),1),{"Perdió","Empató","Ganó"},0),0,1,3),"")} | R44: {=IFERROR(CHOOSE(MATCH(INDEX(_xlfn._xlws.FILTER($H$7:$H$1000,$G$7:$G$1000=P44),2),{"Perdió","Empató","Ganó"},0),0,1,3),"")} | S44: {=IFERROR(CHOOSE(MATCH(INDEX(_xlfn._xlws.FILTER($K$7:$K$1000,$L$7:$L$1000=P44),1),{"Perdió","Empató","Ganó"},0),0,1,3),"")} | T44: {=IFERROR(CHOOSE(MATCH(INDEX(_xlfn._xlws.FILTER($K$7:$K$1000,$L$7:$L$1000=P44),2),{"Perdió","Empató","Ganó"},0),0,1,3),"")} | U44: =SUM(Q44:S44) -> 0 | V44: {=IFERROR(INDEX(_xlfn._xlws.FILTER($I$7:$I$1000-$J$7:$J$1000,$G$7:$G$1000=P44),1),"")} -> 0 | W44: {=IFERROR(INDEX(_xlfn._xlws.FILTER($I$7:$I$1000-$J$7:$J$1000,$G$7:$G$1000=P44),2),"")} | X44: {=IFERROR(INDEX(_xlfn._xlws.FILTER($J$7:$J$1000-$I$7:$I$1000,$L$7:$L$1000=P44),1),"")} -> 0 | Y44: {=IFERROR(INDEX(_xlfn._xlws.FILTER($J$7:$J$1000-$I$7:$I$1000,$L$7:$L$1000=P44),2),"")} -> 0 | Z44: =SUM(V44:Y44) -> 0 | AA44: {=1+SUMPRODUCT(($U$43:$U$46>U44)+(($U$43:$U$46=U44)*($Z$43:$Z$46>Z44)))} -> 1 | AC44: J | AD44: 2 | AE44: {=IFERROR(_xlfn.TEXTJOIN(" - ",TRUE,_xlfn._xlws.FILTER($P$43:$P$46,$AA$43:$AA$46=2)),"")}
B45: 21/06/2026 | C45: 16:00 | D45: Uruguay vs Cabo Verde | E45: Estadio Miami | F45: {=_xlfn.XLOOKUP(TRUE,(GRUPOS!$B$40:$B$51=G45)+(GRUPOS!$C$40:$C$51=G45)+(GRUPOS!$D$40:$D$51=G45)+(GRUPOS!$E$40:$E$51=G45)>0,GRUPOS!$A$40:$A$51)} -> H | G45: =LEFT(D45,FIND(" vs ",D45)-1) -> Uruguay | L45: =MID(D45,FIND(" vs ",D45)+4,LEN(D45)) -> Cabo Verde | M45: {=_xlfn.XLOOKUP(TRUE,(GRUPOS!$B$40:$B$51=L45)+(GRUPOS!$C$40:$C$51=L45)+(GRUPOS!$D$40:$D$51=L45)+(GRUPOS!$E$40:$E$51=L45)>0,GRUPOS!$A$40:$A$51)} -> H | O45: J | P45: Austria | Q45: {=IFERROR(CHOOSE(MATCH(INDEX(_xlfn._xlws.FILTER($H$7:$H$1000,$G$7:$G$1000=P45),1),{"Perdió","Empató","Ganó"},0),0,1,3),"")} | R45: {=IFERROR(CHOOSE(MATCH(INDEX(_xlfn._xlws.FILTER($H$7:$H$1000,$G$7:$G$1000=P45),2),{"Perdió","Empató","Ganó"},0),0,1,3),"")} | S45: {=IFERROR(CHOOSE(MATCH(INDEX(_xlfn._xlws.FILTER($K$7:$K$1000,$L$7:$L$1000=P45),1),{"Perdió","Empató","Ganó"},0),0,1,3),"")} | T45: {=IFERROR(CHOOSE(MATCH(INDEX(_xlfn._xlws.FILTER($K$7:$K$1000,$L$7:$L$1000=P45),2),{"Perdió","Empató","Ganó"},0),0,1,3),"")} | U45: =SUM(Q45:S45) -> 0 | V45: {=IFERROR(INDEX(_xlfn._xlws.FILTER($I$7:$I$1000-$J$7:$J$1000,$G$7:$G$1000=P45),1),"")} -> 0 | W45: {=IFERROR(INDEX(_xlfn._xlws.FILTER($I$7:$I$1000-$J$7:$J$1000,$G$7:$G$1000=P45),2),"")} | X45: {=IFERROR(INDEX(_xlfn._xlws.FILTER($J$7:$J$1000-$I$7:$I$1000,$L$7:$L$1000=P45),1),"")} -> 0 | Y45: {=IFERROR(INDEX(_xlfn._xlws.FILTER($J$7:$J$1000-$I$7:$I$1000,$L$7:$L$1000=P45),2),"")} -> 0 | Z45: =SUM(V45:Y45) -> 0 | AA45: {=1+SUMPRODUCT(($U$43:$U$46>U45)+(($U$43:$U$46=U45)*($Z$43:$Z$46>Z45)))} -> 1 | AC45: J | AD45: 3 | AE45: {=IFERROR(_xlfn.TEXTJOIN(" - ",TRUE,_xlfn._xlws.FILTER($P$43:$P$46,$AA$43:$AA$46=3)),"")}
B46: 21/06/2026 | C46: 19:00 | D46: Nueva Zelanda vs Egipto | E46: Estadio Vancouver | F46: {=_xlfn.XLOOKUP(TRUE,(GRUPOS!$B$40:$B$51=G46)+(GRUPOS!$C$40:$C$51=G46)+(GRUPOS!$D$40:$D$51=G46)+(GRUPOS!$E$40:$E$51=G46)>0,GRUPOS!$A$40:$A$51)} -> G | G46: =LEFT(D46,FIND(" vs ",D46)-1) -> Nueva Zelanda | L46: =MID(D46,FIND(" vs ",D46)+4,LEN(D46)) -> Egipto | M46: {=_xlfn.XLOOKUP(TRUE,(GRUPOS!$B$40:$B$51=L46)+(GRUPOS!$C$40:$C$51=L46)+(GRUPOS!$D$40:$D$51=L46)+(GRUPOS!$E$40:$E$51=L46)>0,GRUPOS!$A$40:$A$51)} -> G | O46: J | P46: Jordania | Q46: {=IFERROR(CHOOSE(MATCH(INDEX(_xlfn._xlws.FILTER($H$7:$H$1000,$G$7:$G$1000=P46),1),{"Perdió","Empató","Ganó"},0),0,1,3),"")} | R46: {=IFERROR(CHOOSE(MATCH(INDEX(_xlfn._xlws.FILTER($H$7:$H$1000,$G$7:$G$1000=P46),2),{"Perdió","Empató","Ganó"},0),0,1,3),"")} | S46: {=IFERROR(CHOOSE(MATCH(INDEX(_xlfn._xlws.FILTER($K$7:$K$1000,$L$7:$L$1000=P46),1),{"Perdió","Empató","Ganó"},0),0,1,3),"")} | T46: {=IFERROR(CHOOSE(MATCH(INDEX(_xlfn._xlws.FILTER($K$7:$K$1000,$L$7:$L$1000=P46),2),{"Perdió","Empató","Ganó"},0),0,1,3),"")} | U46: =SUM(Q46:S46) -> 0 | V46: {=IFERROR(INDEX(_xlfn._xlws.FILTER($I$7:$I$1000-$J$7:$J$1000,$G$7:$G$1000=P46),1),"")} -> 0 | W46: {=IFERROR(INDEX(_xlfn._xlws.FILTER($I$7:$I$1000-$J$7:$J$1000,$G$7:$G$1000=P46),2),"")} -> 0 | X46: {=IFERROR(INDEX(_xlfn._xlws.FILTER($J$7:$J$1000-$I$7:$I$1000,$L$7:$L$1000=P46),1),"")} -> 0 | Y46: {=IFERROR(INDEX(_xlfn._xlws.FILTER($J$7:$J$1000-$I$7:$I$1000,$L$7:$L$1000=P46),2),"")} | Z46: =SUM(V46:Y46) -> 0 | AA46: {=1+SUMPRODUCT(($U$43:$U$46>U46)+(($U$43:$U$46=U46)*($Z$43:$Z$46>Z46)))} -> 1 | AC46: J | AD46: 4 | AE46: {=IFERROR(_xlfn.TEXTJOIN(" - ",TRUE,_xlfn._xlws.FILTER($P$43:$P$46,$AA$43:$AA$46=4)),"")}
B47: 22/06/2026 | C47: 11:00 | D47: Argentina vs Austria | E47: Estadio Dallas | F47: {=_xlfn.XLOOKUP(TRUE,(GRUPOS!$B$40:$B$51=G47)+(GRUPOS!$C$40:$C$51=G47)+(GRUPOS!$D$40:$D$51=G47)+(GRUPOS!$E$40:$E$51=G47)>0,GRUPOS!$A$40:$A$51)} -> J | G47: =LEFT(D47,FIND(" vs ",D47)-1) -> Argentina | L47: =MID(D47,FIND(" vs ",D47)+4,LEN(D47)) -> Austria | M47: {=_xlfn.XLOOKUP(TRUE,(GRUPOS!$B$40:$B$51=L47)+(GRUPOS!$C$40:$C$51=L47)+(GRUPOS!$D$40:$D$51=L47)+(GRUPOS!$E$40:$E$51=L47)>0,GRUPOS!$A$40:$A$51)} -> J | O47: K | P47: Portugal | Q47: {=IFERROR(CHOOSE(MATCH(INDEX(_xlfn._xlws.FILTER($H$7:$H$1000,$G$7:$G$1000=P47),1),{"Perdió","Empató","Ganó"},0),0,1,3),"")} | R47: {=IFERROR(CHOOSE(MATCH(INDEX(_xlfn._xlws.FILTER($H$7:$H$1000,$G$7:$G$1000=P47),2),{"Perdió","Empató","Ganó"},0),0,1,3),"")} | S47: {=IFERROR(CHOOSE(MATCH(INDEX(_xlfn._xlws.FILTER($K$7:$K$1000,$L$7:$L$1000=P47),1),{"Perdió","Empató","Ganó"},0),0,1,3),"")} | T47: {=IFERROR(CHOOSE(MATCH(INDEX(_xlfn._xlws.FILTER($K$7:$K$1000,$L$7:$L$1000=P47),2),{"Perdió","Empató","Ganó"},0),0,1,3),"")} | U47: =SUM(Q47:S47) -> 0 | V47: {=IFERROR(INDEX(_xlfn._xlws.FILTER($I$7:$I$1000-$J$7:$J$1000,$G$7:$G$1000=P47),1),"")} -> 0 | W47: {=IFERROR(INDEX(_xlfn._xlws.FILTER($I$7:$I$1000-$J$7:$J$1000,$G$7:$G$1000=P47),2),"")} -> 0 | X47: {=IFERROR(INDEX(_xlfn._xlws.FILTER($J$7:$J$1000-$I$7:$I$1000,$L$7:$L$1000=P47),1),"")} -> 0 | Y47: {=IFERROR(INDEX(_xlfn._xlws.FILTER($J$7:$J$1000-$I$7:$I$1000,$L$7:$L$1000=P47),2),"")} | Z47: =SUM(V47:Y47) -> 0 | AA47: {=1+SUMPRODUCT(($U$47:$U$50>U47)+(($U$47:$U$50=U47)*($Z$47:$Z$50>Z47)))} -> 1 | AC47: K | AD47: 1 | AE47: {=IFERROR(_xlfn.TEXTJOIN(" - ",TRUE,_xlfn._xlws.FILTER($P$47:$P$50,$AA$47:$AA$50=1)),"")} -> Portugal - RD Congo - Uzbekistán - Colombia
B48: 22/06/2026 | C48: 15:00 | D48: Francia vs Irak | E48: Estadio Filadelfia | F48: {=_xlfn.XLOOKUP(TRUE,(GRUPOS!$B$40:$B$51=G48)+(GRUPOS!$C$40:$C$51=G48)+(GRUPOS!$D$40:$D$51=G48)+(GRUPOS!$E$40:$E$51=G48)>0,GRUPOS!$A$40:$A$51)} -> I | G48: =LEFT(D48,FIND(" vs ",D48)-1) -> Francia | L48: =MID(D48,FIND(" vs ",D48)+4,LEN(D48)) -> Irak | M48: {=_xlfn.XLOOKUP(TRUE,(GRUPOS!$B$40:$B$51=L48)+(GRUPOS!$C$40:$C$51=L48)+(GRUPOS!$D$40:$D$51=L48)+(GRUPOS!$E$40:$E$51=L48)>0,GRUPOS!$A$40:$A$51)} -> I | O48: K | P48: RD Congo | Q48: {=IFERROR(CHOOSE(MATCH(INDEX(_xlfn._xlws.FILTER($H$7:$H$1000,$G$7:$G$1000=P48),1),{"Perdió","Empató","Ganó"},0),0,1,3),"")} | R48: {=IFERROR(CHOOSE(MATCH(INDEX(_xlfn._xlws.FILTER($H$7:$H$1000,$G$7:$G$1000=P48),2),{"Perdió","Empató","Ganó"},0),0,1,3),"")} | S48: {=IFERROR(CHOOSE(MATCH(INDEX(_xlfn._xlws.FILTER($K$7:$K$1000,$L$7:$L$1000=P48),1),{"Perdió","Empató","Ganó"},0),0,1,3),"")} | T48: {=IFERROR(CHOOSE(MATCH(INDEX(_xlfn._xlws.FILTER($K$7:$K$1000,$L$7:$L$1000=P48),2),{"Perdió","Empató","Ganó"},0),0,1,3),"")} | U48: =SUM(Q48:S48) -> 0 | V48: {=IFERROR(INDEX(_xlfn._xlws.FILTER($I$7:$I$1000-$J$7:$J$1000,$G$7:$G$1000=P48),1),"")} -> 0 | W48: {=IFERROR(INDEX(_xlfn._xlws.FILTER($I$7:$I$1000-$J$7:$J$1000,$G$7:$G$1000=P48),2),"")} | X48: {=IFERROR(INDEX(_xlfn._xlws.FILTER($J$7:$J$1000-$I$7:$I$1000,$L$7:$L$1000=P48),1),"")} -> 0 | Y48: {=IFERROR(INDEX(_xlfn._xlws.FILTER($J$7:$J$1000-$I$7:$I$1000,$L$7:$L$1000=P48),2),"")} -> 0 | Z48: =SUM(V48:Y48) -> 0 | AA48: {=1+SUMPRODUCT(($U$47:$U$50>U48)+(($U$47:$U$50=U48)*($Z$47:$Z$50>Z48)))} -> 1 | AC48: K | AD48: 2 | AE48: {=IFERROR(_xlfn.TEXTJOIN(" - ",TRUE,_xlfn._xlws.FILTER($P$47:$P$50,$AA$47:$AA$50=2)),"")}
B49: 22/06/2026 | C49: 18:00 | D49: Noruega vs Senegal | E49: Estadio Nueva York/Nueva Jersey | F49: {=_xlfn.XLOOKUP(TRUE,(GRUPOS!$B$40:$B$51=G49)+(GRUPOS!$C$40:$C$51=G49)+(GRUPOS!$D$40:$D$51=G49)+(GRUPOS!$E$40:$E$51=G49)>0,GRUPOS!$A$40:$A$51)} -> I | G49: =LEFT(D49,FIND(" vs ",D49)-1) -> Noruega | L49: =MID(D49,FIND(" vs ",D49)+4,LEN(D49)) -> Senegal | M49: {=_xlfn.XLOOKUP(TRUE,(GRUPOS!$B$40:$B$51=L49)+(GRUPOS!$C$40:$C$51=L49)+(GRUPOS!$D$40:$D$51=L49)+(GRUPOS!$E$40:$E$51=L49)>0,GRUPOS!$A$40:$A$51)} -> I | O49: K | P49: Uzbekistán | Q49: {=IFERROR(CHOOSE(MATCH(INDEX(_xlfn._xlws.FILTER($H$7:$H$1000,$G$7:$G$1000=P49),1),{"Perdió","Empató","Ganó"},0),0,1,3),"")} | R49: {=IFERROR(CHOOSE(MATCH(INDEX(_xlfn._xlws.FILTER($H$7:$H$1000,$G$7:$G$1000=P49),2),{"Perdió","Empató","Ganó"},0),0,1,3),"")} | S49: {=IFERROR(CHOOSE(MATCH(INDEX(_xlfn._xlws.FILTER($K$7:$K$1000,$L$7:$L$1000=P49),1),{"Perdió","Empató","Ganó"},0),0,1,3),"")} | T49: {=IFERROR(CHOOSE(MATCH(INDEX(_xlfn._xlws.FILTER($K$7:$K$1000,$L$7:$L$1000=P49),2),{"Perdió","Empató","Ganó"},0),0,1,3),"")} | U49: =SUM(Q49:S49) -> 0 | V49: {=IFERROR(INDEX(_xlfn._xlws.FILTER($I$7:$I$1000-$J$7:$J$1000,$G$7:$G$1000=P49),1),"")} -> 0 | W49: {=IFERROR(INDEX(_xlfn._xlws.FILTER($I$7:$I$1000-$J$7:$J$1000,$G$7:$G$1000=P49),2),"")} | X49: {=IFERROR(INDEX(_xlfn._xlws.FILTER($J$7:$J$1000-$I$7:$I$1000,$L$7:$L$1000=P49),1),"")} -> 0 | Y49: {=IFERROR(INDEX(_xlfn._xlws.FILTER($J$7:$J$1000-$I$7:$I$1000,$L$7:$L$1000=P49),2),"")} -> 0 | Z49: =SUM(V49:Y49) -> 0 | AA49: {=1+SUMPRODUCT(($U$47:$U$50>U49)+(($U$47:$U$50=U49)*($Z$47:$Z$50>Z49)))} -> 1 | AC49: K | AD49: 3 | AE49: {=IFERROR(_xlfn.TEXTJOIN(" - ",TRUE,_xlfn._xlws.FILTER($P$47:$P$50,$AA$47:$AA$50=3)),"")}
B50: 22/06/2026 | C50: 21:00 | D50: Jordania vs Argelia | E50: Estadio Bahía de San Francisco | F50: {=_xlfn.XLOOKUP(TRUE,(GRUPOS!$B$40:$B$51=G50)+(GRUPOS!$C$40:$C$51=G50)+(GRUPOS!$D$40:$D$51=G50)+(GRUPOS!$E$40:$E$51=G50)>0,GRUPOS!$A$40:$A$51)} -> J | G50: =LEFT(D50,FIND(" vs ",D50)-1) -> Jordania | L50: =MID(D50,FIND(" vs ",D50)+4,LEN(D50)) -> Argelia | M50: {=_xlfn.XLOOKUP(TRUE,(GRUPOS!$B$40:$B$51=L50)+(GRUPOS!$C$40:$C$51=L50)+(GRUPOS!$D$40:$D$51=L50)+(GRUPOS!$E$40:$E$51=L50)>0,GRUPOS!$A$40:$A$51)} -> J | O50: K | P50: Colombia | Q50: {=IFERROR(CHOOSE(MATCH(INDEX(_xlfn._xlws.FILTER($H$7:$H$1000,$G$7:$G$1000=P50),1),{"Perdió","Empató","Ganó"},0),0,1,3),"")} | R50: {=IFERROR(CHOOSE(MATCH(INDEX(_xlfn._xlws.FILTER($H$7:$H$1000,$G$7:$G$1000=P50),2),{"Perdió","Empató","Ganó"},0),0,1,3),"")} | S50: {=IFERROR(CHOOSE(MATCH(INDEX(_xlfn._xlws.FILTER($K$7:$K$1000,$L$7:$L$1000=P50),1),{"Perdió","Empató","Ganó"},0),0,1,3),"")} | T50: {=IFERROR(CHOOSE(MATCH(INDEX(_xlfn._xlws.FILTER($K$7:$K$1000,$L$7:$L$1000=P50),2),{"Perdió","Empató","Ganó"},0),0,1,3),"")} | U50: =SUM(Q50:S50) -> 0 | V50: {=IFERROR(INDEX(_xlfn._xlws.FILTER($I$7:$I$1000-$J$7:$J$1000,$G$7:$G$1000=P50),1),"")} -> 0 | W50: {=IFERROR(INDEX(_xlfn._xlws.FILTER($I$7:$I$1000-$J$7:$J$1000,$G$7:$G$1000=P50),2),"")} -> 0 | X50: {=IFERROR(INDEX(_xlfn._xlws.FILTER($J$7:$J$1000-$I$7:$I$1000,$L$7:$L$1000=P50),1),"")} -> 0 | Y50: {=IFERROR(INDEX(_xlfn._xlws.FILTER($J$7:$J$1000-$I$7:$I$1000,$L$7:$L$1000=P50),2),"")} | Z50: =SUM(V50:Y50) -> 0 | AA50: {=1+SUMPRODUCT(($U$47:$U$50>U50)+(($U$47:$U$50=U50)*($Z$47:$Z$50>Z50)))} -> 1 | AC50: K | AD50: 4 | AE50: {=IFERROR(_xlfn.TEXTJOIN(" - ",TRUE,_xlfn._xlws.FILTER($P$47:$P$50,$AA$47:$AA$50=4)),"")}
B51: 23/06/2026 | C51: 11:00 | D51: Portugal vs Uzbekistán | E51: Estadio Houston | F51: {=_xlfn.XLOOKUP(TRUE,(GRUPOS!$B$40:$B$51=G51)+(GRUPOS!$C$40:$C$51=G51)+(GRUPOS!$D$40:$D$51=G51)+(GRUPOS!$E$40:$E$51=G51)>0,GRUPOS!$A$40:$A$51)} -> K | G51: =LEFT(D51,FIND(" vs ",D51)-1) -> Portugal | L51: =MID(D51,FIND(" vs ",D51)+4,LEN(D51)) -> Uzbekistán | M51: {=_xlfn.XLOOKUP(TRUE,(GRUPOS!$B$40:$B$51=L51)+(GRUPOS!$C$40:$C$51=L51)+(GRUPOS!$D$40:$D$51=L51)+(GRUPOS!$E$40:$E$51=L51)>0,GRUPOS!$A$40:$A$51)} -> K | O51: L | P51: Inglaterra | Q51: {=IFERROR(CHOOSE(MATCH(INDEX(_xlfn._xlws.FILTER($H$7:$H$1000,$G$7:$G$1000=P51),1),{"Perdió","Empató","Ganó"},0),0,1,3),"")} | R51: {=IFERROR(CHOOSE(MATCH(INDEX(_xlfn._xlws.FILTER($H$7:$H$1000,$G$7:$G$1000=P51),2),{"Perdió","Empató","Ganó"},0),0,1,3),"")} | S51: {=IFERROR(CHOOSE(MATCH(INDEX(_xlfn._xlws.FILTER($K$7:$K$1000,$L$7:$L$1000=P51),1),{"Perdió","Empató","Ganó"},0),0,1,3),"")} | T51: {=IFERROR(CHOOSE(MATCH(INDEX(_xlfn._xlws.FILTER($K$7:$K$1000,$L$7:$L$1000=P51),2),{"Perdió","Empató","Ganó"},0),0,1,3),"")} | U51: =SUM(Q51:S51) -> 0 | V51: {=IFERROR(INDEX(_xlfn._xlws.FILTER($I$7:$I$1000-$J$7:$J$1000,$G$7:$G$1000=P51),1),"")} -> 0 | W51: {=IFERROR(INDEX(_xlfn._xlws.FILTER($I$7:$I$1000-$J$7:$J$1000,$G$7:$G$1000=P51),2),"")} -> 0 | X51: {=IFERROR(INDEX(_xlfn._xlws.FILTER($J$7:$J$1000-$I$7:$I$1000,$L$7:$L$1000=P51),1),"")} -> 0 | Y51: {=IFERROR(INDEX(_xlfn._xlws.FILTER($J$7:$J$1000-$I$7:$I$1000,$L$7:$L$1000=P51),2),"")} | Z51: =SUM(V51:Y51) -> 0 | AA51: {=1+SUMPRODUCT(($U$51:$U$54>U51)+(($U$51:$U$54=U51)*($Z$51:$Z$54>Z51)))} -> 1 | AC51: L | AD51: 1 | AE51: {=IFERROR(_xlfn.TEXTJOIN(" - ",TRUE,_xlfn._xlws.FILTER($P$51:$P$54,$AA$51:$AA$54=1)),"")} -> Inglaterra - Croacia - Ghana - Panamá
B52: 23/06/2026 | C52: 14:00 | D52: Inglaterra vs Ghana | E52: Estadio Boston | F52: {=_xlfn.XLOOKUP(TRUE,(GRUPOS!$B$40:$B$51=G52)+(GRUPOS!$C$40:$C$51=G52)+(GRUPOS!$D$40:$D$51=G52)+(GRUPOS!$E$40:$E$51=G52)>0,GRUPOS!$A$40:$A$51)} -> L | G52: =LEFT(D52,FIND(" vs ",D52)-1) -> Inglaterra | L52: =MID(D52,FIND(" vs ",D52)+4,LEN(D52)) -> Ghana | M52: {=_xlfn.XLOOKUP(TRUE,(GRUPOS!$B$40:$B$51=L52)+(GRUPOS!$C$40:$C$51=L52)+(GRUPOS!$D$40:$D$51=L52)+(GRUPOS!$E$40:$E$51=L52)>0,GRUPOS!$A$40:$A$51)} -> L | O52: L | P52: Croacia | Q52: {=IFERROR(CHOOSE(MATCH(INDEX(_xlfn._xlws.FILTER($H$7:$H$1000,$G$7:$G$1000=P52),1),{"Perdió","Empató","Ganó"},0),0,1,3),"")} | R52: {=IFERROR(CHOOSE(MATCH(INDEX(_xlfn._xlws.FILTER($H$7:$H$1000,$G$7:$G$1000=P52),2),{"Perdió","Empató","Ganó"},0),0,1,3),"")} | S52: {=IFERROR(CHOOSE(MATCH(INDEX(_xlfn._xlws.FILTER($K$7:$K$1000,$L$7:$L$1000=P52),1),{"Perdió","Empató","Ganó"},0),0,1,3),"")} | T52: {=IFERROR(CHOOSE(MATCH(INDEX(_xlfn._xlws.FILTER($K$7:$K$1000,$L$7:$L$1000=P52),2),{"Perdió","Empató","Ganó"},0),0,1,3),"")} | U52: =SUM(Q52:S52) -> 0 | V52: {=IFERROR(INDEX(_xlfn._xlws.FILTER($I$7:$I$1000-$J$7:$J$1000,$G$7:$G$1000=P52),1),"")} -> 0 | W52: {=IFERROR(INDEX(_xlfn._xlws.FILTER($I$7:$I$1000-$J$7:$J$1000,$G$7:$G$1000=P52),2),"")} | X52: {=IFERROR(INDEX(_xlfn._xlws.FILTER($J$7:$J$1000-$I$7:$I$1000,$L$7:$L$1000=P52),1),"")} -> 0 | Y52: {=IFERROR(INDEX(_xlfn._xlws.FILTER($J$7:$J$1000-$I$7:$I$1000,$L$7:$L$1000=P52),2),"")} -> 0 | Z52: =SUM(V52:Y52) -> 0 | AA52: {=1+SUMPRODUCT(($U$51:$U$54>U52)+(($U$51:$U$54=U52)*($Z$51:$Z$54>Z52)))} -> 1 | AC52: L | AD52: 2 | AE52: {=IFERROR(_xlfn.TEXTJOIN(" - ",TRUE,_xlfn._xlws.FILTER($P$51:$P$54,$AA$51:$AA$54=2)),"")}
B53: 23/06/2026 | C53: 17:00 | D53: Panamá vs Croacia | E53: Estadio Toronto | F53: {=_xlfn.XLOOKUP(TRUE,(GRUPOS!$B$40:$B$51=G53)+(GRUPOS!$C$40:$C$51=G53)+(GRUPOS!$D$40:$D$51=G53)+(GRUPOS!$E$40:$E$51=G53)>0,GRUPOS!$A$40:$A$51)} -> L | G53: =LEFT(D53,FIND(" vs ",D53)-1) -> Panamá | L53: =MID(D53,FIND(" vs ",D53)+4,LEN(D53)) -> Croacia | M53: {=_xlfn.XLOOKUP(TRUE,(GRUPOS!$B$40:$B$51=L53)+(GRUPOS!$C$40:$C$51=L53)+(GRUPOS!$D$40:$D$51=L53)+(GRUPOS!$E$40:$E$51=L53)>0,GRUPOS!$A$40:$A$51)} -> L | O53: L | P53: Ghana | Q53: {=IFERROR(CHOOSE(MATCH(INDEX(_xlfn._xlws.FILTER($H$7:$H$1000,$G$7:$G$1000=P53),1),{"Perdió","Empató","Ganó"},0),0,1,3),"")} | R53: {=IFERROR(CHOOSE(MATCH(INDEX(_xlfn._xlws.FILTER($H$7:$H$1000,$G$7:$G$1000=P53),2),{"Perdió","Empató","Ganó"},0),0,1,3),"")} | S53: {=IFERROR(CHOOSE(MATCH(INDEX(_xlfn._xlws.FILTER($K$7:$K$1000,$L$7:$L$1000=P53),1),{"Perdió","Empató","Ganó"},0),0,1,3),"")} | T53: {=IFERROR(CHOOSE(MATCH(INDEX(_xlfn._xlws.FILTER($K$7:$K$1000,$L$7:$L$1000=P53),2),{"Perdió","Empató","Ganó"},0),0,1,3),"")} | U53: =SUM(Q53:S53) -> 0 | V53: {=IFERROR(INDEX(_xlfn._xlws.FILTER($I$7:$I$1000-$J$7:$J$1000,$G$7:$G$1000=P53),1),"")} -> 0 | W53: {=IFERROR(INDEX(_xlfn._xlws.FILTER($I$7:$I$1000-$J$7:$J$1000,$G$7:$G$1000=P53),2),"")} | X53: {=IFERROR(INDEX(_xlfn._xlws.FILTER($J$7:$J$1000-$I$7:$I$1000,$L$7:$L$1000=P53),1),"")} -> 0 | Y53: {=IFERROR(INDEX(_xlfn._xlws.FILTER($J$7:$J$1000-$I$7:$I$1000,$L$7:$L$1000=P53),2),"")} -> 0 | Z53: =SUM(V53:Y53) -> 0 | AA53: {=1+SUMPRODUCT(($U$51:$U$54>U53)+(($U$51:$U$54=U53)*($Z$51:$Z$54>Z53)))} -> 1 | AC53: L | AD53: 3 | AE53: {=IFERROR(_xlfn.TEXTJOIN(" - ",TRUE,_xlfn._xlws.FILTER($P$51:$P$54,$AA$51:$AA$54=3)),"")}
B54: 23/06/2026 | C54: 20:00 | D54: Colombia vs RD Congo | E54: Estadio Guadalajara | F54: {=_xlfn.XLOOKUP(TRUE,(GRUPOS!$B$40:$B$51=G54)+(GRUPOS!$C$40:$C$51=G54)+(GRUPOS!$D$40:$D$51=G54)+(GRUPOS!$E$40:$E$51=G54)>0,GRUPOS!$A$40:$A$51)} -> K | G54: =LEFT(D54,FIND(" vs ",D54)-1) -> Colombia | L54: =MID(D54,FIND(" vs ",D54)+4,LEN(D54)) -> RD Congo | M54: {=_xlfn.XLOOKUP(TRUE,(GRUPOS!$B$40:$B$51=L54)+(GRUPOS!$C$40:$C$51=L54)+(GRUPOS!$D$40:$D$51=L54)+(GRUPOS!$E$40:$E$51=L54)>0,GRUPOS!$A$40:$A$51)} -> K | O54: L | P54: Panamá | Q54: {=IFERROR(CHOOSE(MATCH(INDEX(_xlfn._xlws.FILTER($H$7:$H$1000,$G$7:$G$1000=P54),1),{"Perdió","Empató","Ganó"},0),0,1,3),"")} | R54: {=IFERROR(CHOOSE(MATCH(INDEX(_xlfn._xlws.FILTER($H$7:$H$1000,$G$7:$G$1000=P54),2),{"Perdió","Empató","Ganó"},0),0,1,3),"")} | S54: {=IFERROR(CHOOSE(MATCH(INDEX(_xlfn._xlws.FILTER($K$7:$K$1000,$L$7:$L$1000=P54),1),{"Perdió","Empató","Ganó"},0),0,1,3),"")} | T54: {=IFERROR(CHOOSE(MATCH(INDEX(_xlfn._xlws.FILTER($K$7:$K$1000,$L$7:$L$1000=P54),2),{"Perdió","Empató","Ganó"},0),0,1,3),"")} | U54: =SUM(Q54:S54) -> 0 | V54: {=IFERROR(INDEX(_xlfn._xlws.FILTER($I$7:$I$1000-$J$7:$J$1000,$G$7:$G$1000=P54),1),"")} -> 0 | W54: {=IFERROR(INDEX(_xlfn._xlws.FILTER($I$7:$I$1000-$J$7:$J$1000,$G$7:$G$1000=P54),2),"")} -> 0 | X54: {=IFERROR(INDEX(_xlfn._xlws.FILTER($J$7:$J$1000-$I$7:$I$1000,$L$7:$L$1000=P54),1),"")} -> 0 | Y54: {=IFERROR(INDEX(_xlfn._xlws.FILTER($J$7:$J$1000-$I$7:$I$1000,$L$7:$L$1000=P54),2),"")} | Z54: =SUM(V54:Y54) -> 0 | AA54: {=1+SUMPRODUCT(($U$51:$U$54>U54)+(($U$51:$U$54=U54)*($Z$51:$Z$54>Z54)))} -> 1 | AC54: L | AD54: 4 | AE54: {=IFERROR(_xlfn.TEXTJOIN(" - ",TRUE,_xlfn._xlws.FILTER($P$51:$P$54,$AA$51:$AA$54=4)),"")}
B55: 24/06/2026 | C55: 13:00 | D55: Suiza vs Canadá | E55: Estadio Vancouver | F55: {=_xlfn.XLOOKUP(TRUE,(GRUPOS!$B$40:$B$51=G55)+(GRUPOS!$C$40:$C$51=G55)+(GRUPOS!$D$40:$D$51=G55)+(GRUPOS!$E$40:$E$51=G55)>0,GRUPOS!$A$40:$A$51)} -> B | G55: =LEFT(D55,FIND(" vs ",D55)-1) -> Suiza | L55: =MID(D55,FIND(" vs ",D55)+4,LEN(D55)) -> Canadá | M55: {=_xlfn.XLOOKUP(TRUE,(GRUPOS!$B$40:$B$51=L55)+(GRUPOS!$C$40:$C$51=L55)+(GRUPOS!$D$40:$D$51=L55)+(GRUPOS!$E$40:$E$51=L55)>0,GRUPOS!$A$40:$A$51)} -> B
B56: 24/06/2026 | C56: 13:00 | D56: Bosnia y Herzegovina vs Qatar | E56: Estadio Seattle | F56: {=_xlfn.XLOOKUP(TRUE,(GRUPOS!$B$40:$B$51=G56)+(GRUPOS!$C$40:$C$51=G56)+(GRUPOS!$D$40:$D$51=G56)+(GRUPOS!$E$40:$E$51=G56)>0,GRUPOS!$A$40:$A$51)} -> B | G56: =LEFT(D56,FIND(" vs ",D56)-1) -> Bosnia y Herzegovina | L56: =MID(D56,FIND(" vs ",D56)+4,LEN(D56)) -> Qatar | M56: {=_xlfn.XLOOKUP(TRUE,(GRUPOS!$B$40:$B$51=L56)+(GRUPOS!$C$40:$C$51=L56)+(GRUPOS!$D$40:$D$51=L56)+(GRUPOS!$E$40:$E$51=L56)>0,GRUPOS!$A$40:$A$51)} -> B
B57: 24/06/2026 | C57: 18:00 | D57: Escocia vs Brasil | E57: Estadio Miami | F57: {=_xlfn.XLOOKUP(TRUE,(GRUPOS!$B$40:$B$51=G57)+(GRUPOS!$C$40:$C$51=G57)+(GRUPOS!$D$40:$D$51=G57)+(GRUPOS!$E$40:$E$51=G57)>0,GRUPOS!$A$40:$A$51)} -> C | G57: =LEFT(D57,FIND(" vs ",D57)-1) -> Escocia | L57: =MID(D57,FIND(" vs ",D57)+4,LEN(D57)) -> Brasil | M57: {=_xlfn.XLOOKUP(TRUE,(GRUPOS!$B$40:$B$51=L57)+(GRUPOS!$C$40:$C$51=L57)+(GRUPOS!$D$40:$D$51=L57)+(GRUPOS!$E$40:$E$51=L57)>0,GRUPOS!$A$40:$A$51)} -> C
B58: 24/06/2026 | C58: 16:00 | D58: Marruecos vs Haití | E58: Estadio Atlanta | F58: {=_xlfn.XLOOKUP(TRUE,(GRUPOS!$B$40:$B$51=G58)+(GRUPOS!$C$40:$C$51=G58)+(GRUPOS!$D$40:$D$51=G58)+(GRUPOS!$E$40:$E$51=G58)>0,GRUPOS!$A$40:$A$51)} -> C | G58: =LEFT(D58,FIND(" vs ",D58)-1) -> Marruecos | L58: =MID(D58,FIND(" vs ",D58)+4,LEN(D58)) -> Haití | M58: {=_xlfn.XLOOKUP(TRUE,(GRUPOS!$B$40:$B$51=L58)+(GRUPOS!$C$40:$C$51=L58)+(GRUPOS!$D$40:$D$51=L58)+(GRUPOS!$E$40:$E$51=L58)>0,GRUPOS!$A$40:$A$51)} -> C
B59: 24/06/2026 | C59: 19:00 | D59: Chequia vs México | E59: Estadio Ciudad de México | F59: {=_xlfn.XLOOKUP(TRUE,(GRUPOS!$B$40:$B$51=G59)+(GRUPOS!$C$40:$C$51=G59)+(GRUPOS!$D$40:$D$51=G59)+(GRUPOS!$E$40:$E$51=G59)>0,GRUPOS!$A$40:$A$51)} -> A | G59: =LEFT(D59,FIND(" vs ",D59)-1) -> Chequia | L59: =MID(D59,FIND(" vs ",D59)+4,LEN(D59)) -> México | M59: {=_xlfn.XLOOKUP(TRUE,(GRUPOS!$B$40:$B$51=L59)+(GRUPOS!$C$40:$C$51=L59)+(GRUPOS!$D$40:$D$51=L59)+(GRUPOS!$E$40:$E$51=L59)>0,GRUPOS!$A$40:$A$51)} -> A
B60: 24/06/2026 | C60: 19:00 | D60: Sudáfrica vs Corea del Sur | E60: Estadio Monterrey | F60: {=_xlfn.XLOOKUP(TRUE,(GRUPOS!$B$40:$B$51=G60)+(GRUPOS!$C$40:$C$51=G60)+(GRUPOS!$D$40:$D$51=G60)+(GRUPOS!$E$40:$E$51=G60)>0,GRUPOS!$A$40:$A$51)} -> A | G60: =LEFT(D60,FIND(" vs ",D60)-1) -> Sudáfrica | L60: =MID(D60,FIND(" vs ",D60)+4,LEN(D60)) -> Corea del Sur | M60: {=_xlfn.XLOOKUP(TRUE,(GRUPOS!$B$40:$B$51=L60)+(GRUPOS!$C$40:$C$51=L60)+(GRUPOS!$D$40:$D$51=L60)+(GRUPOS!$E$40:$E$51=L60)>0,GRUPOS!$A$40:$A$51)} -> A
B61: 25/06/2026 | C61: 14:00 | D61: Curazao vs Costa de Marfil | E61: Estadio Filadelfia | F61: {=_xlfn.XLOOKUP(TRUE,(GRUPOS!$B$40:$B$51=G61)+(GRUPOS!$C$40:$C$51=G61)+(GRUPOS!$D$40:$D$51=G61)+(GRUPOS!$E$40:$E$51=G61)>0,GRUPOS!$A$40:$A$51)} -> E | G61: =LEFT(D61,FIND(" vs ",D61)-1) -> Curazao | L61: =MID(D61,FIND(" vs ",D61)+4,LEN(D61)) -> Costa de Marfil | M61: {=_xlfn.XLOOKUP(TRUE,(GRUPOS!$B$40:$B$51=L61)+(GRUPOS!$C$40:$C$51=L61)+(GRUPOS!$D$40:$D$51=L61)+(GRUPOS!$E$40:$E$51=L61)>0,GRUPOS!$A$40:$A$51)} -> E
B62: 25/06/2026 | C62: 14:00 | D62: Ecuador vs Alemania | E62: Estadio Nueva York/Nueva Jersey | F62: {=_xlfn.XLOOKUP(TRUE,(GRUPOS!$B$40:$B$51=G62)+(GRUPOS!$C$40:$C$51=G62)+(GRUPOS!$D$40:$D$51=G62)+(GRUPOS!$E$40:$E$51=G62)>0,GRUPOS!$A$40:$A$51)} -> E | G62: =LEFT(D62,FIND(" vs ",D62)-1) -> Ecuador | L62: =MID(D62,FIND(" vs ",D62)+4,LEN(D62)) -> Alemania | M62: {=_xlfn.XLOOKUP(TRUE,(GRUPOS!$B$40:$B$51=L62)+(GRUPOS!$C$40:$C$51=L62)+(GRUPOS!$D$40:$D$51=L62)+(GRUPOS!$E$40:$E$51=L62)>0,GRUPOS!$A$40:$A$51)} -> E
B63: 25/06/2026 | C63: 17:00 | D63: Japón vs Suecia | E63: Estadio Dallas | F63: {=_xlfn.XLOOKUP(TRUE,(GRUPOS!$B$40:$B$51=G63)+(GRUPOS!$C$40:$C$51=G63)+(GRUPOS!$D$40:$D$51=G63)+(GRUPOS!$E$40:$E$51=G63)>0,GRUPOS!$A$40:$A$51)} -> F | G63: =LEFT(D63,FIND(" vs ",D63)-1) -> Japón | L63: =MID(D63,FIND(" vs ",D63)+4,LEN(D63)) -> Suecia | M63: {=_xlfn.XLOOKUP(TRUE,(GRUPOS!$B$40:$B$51=L63)+(GRUPOS!$C$40:$C$51=L63)+(GRUPOS!$D$40:$D$51=L63)+(GRUPOS!$E$40:$E$51=L63)>0,GRUPOS!$A$40:$A$51)} -> F
B64: 25/06/2026 | C64: 17:00 | D64: Túnez vs Países Bajos | E64: Estadio Kansas City | F64: {=_xlfn.XLOOKUP(TRUE,(GRUPOS!$B$40:$B$51=G64)+(GRUPOS!$C$40:$C$51=G64)+(GRUPOS!$D$40:$D$51=G64)+(GRUPOS!$E$40:$E$51=G64)>0,GRUPOS!$A$40:$A$51)} -> F | G64: =LEFT(D64,FIND(" vs ",D64)-1) -> Túnez | L64: =MID(D64,FIND(" vs ",D64)+4,LEN(D64)) -> Países Bajos | M64: {=_xlfn.XLOOKUP(TRUE,(GRUPOS!$B$40:$B$51=L64)+(GRUPOS!$C$40:$C$51=L64)+(GRUPOS!$D$40:$D$51=L64)+(GRUPOS!$E$40:$E$51=L64)>0,GRUPOS!$A$40:$A$51)} -> F
B65: 25/06/2026 | C65: 20:00 | D65: Turquía vs Estados Unidos | E65: Estadio Los Ángeles | F65: {=_xlfn.XLOOKUP(TRUE,(GRUPOS!$B$40:$B$51=G65)+(GRUPOS!$C$40:$C$51=G65)+(GRUPOS!$D$40:$D$51=G65)+(GRUPOS!$E$40:$E$51=G65)>0,GRUPOS!$A$40:$A$51)} -> D | G65: =LEFT(D65,FIND(" vs ",D65)-1) -> Turquía | L65: =MID(D65,FIND(" vs ",D65)+4,LEN(D65)) -> Estados Unidos | M65: {=_xlfn.XLOOKUP(TRUE,(GRUPOS!$B$40:$B$51=L65)+(GRUPOS!$C$40:$C$51=L65)+(GRUPOS!$D$40:$D$51=L65)+(GRUPOS!$E$40:$E$51=L65)>0,GRUPOS!$A$40:$A$51)} -> D
B66: 25/06/2026 | C66: 20:00 | D66: Paraguay vs Australia | E66: Estadio Bahía de San Francisco | F66: {=_xlfn.XLOOKUP(TRUE,(GRUPOS!$B$40:$B$51=G66)+(GRUPOS!$C$40:$C$51=G66)+(GRUPOS!$D$40:$D$51=G66)+(GRUPOS!$E$40:$E$51=G66)>0,GRUPOS!$A$40:$A$51)} -> D | G66: =LEFT(D66,FIND(" vs ",D66)-1) -> Paraguay | L66: =MID(D66,FIND(" vs ",D66)+4,LEN(D66)) -> Australia | M66: {=_xlfn.XLOOKUP(TRUE,(GRUPOS!$B$40:$B$51=L66)+(GRUPOS!$C$40:$C$51=L66)+(GRUPOS!$D$40:$D$51=L66)+(GRUPOS!$E$40:$E$51=L66)>0,GRUPOS!$A$40:$A$51)} -> D
... B78: 27/06/2026 | C78: 20:00 | D78: Jordania vs Argentina | E78: Estadio Dallas | F78: {=_xlfn.XLOOKUP(TRUE,(GRUPOS!$B$40:$B$51=G78)+(GRUPOS!$C$40:$C$51=G78)+(GRUPOS!$D$40:$D$51=G78)+(GRUPOS!$E$40:$E$51=G78)>0,GRUPOS!$A$40:$A$51)} -> J | G78: =LEFT(D78,FIND(" vs ",D78)-1) -> Jordania | L78: =MID(D78,FIND(" vs ",D78)+4,LEN(D78)) -> Argentina | M78: {=_xlfn.XLOOKUP(TRUE,(GRUPOS!$B$40:$B$51=L78)+(GRUPOS!$C$40:$C$51=L78)+(GRUPOS!$D$40:$D$51=L78)+(GRUPOS!$E$40:$E$51=L78)>0,GRUPOS!$A$40:$A$51)} -> J

Sheet Segunda Fase
C6: Nº Partido | D6: Día | E6: Hora | F6: Equipos | H6: Estadio | M6: Terceros Lugares | S6: MEJORES TERCEROS
M7: Grupo | N7: Equipo | O7: Puntos | P7: Goles | Q7: Posición | S7: Posición | T7: Equipo
C8: 73 | D8: 28/06/2026 | F8: {=IFERROR(INDEX('Primera Fase'!$AE$7:$AE$54,MATCH(1,('Primera Fase'!$AC$7:$AC$54="A")*('Primera Fase'!$AD$7:$AD$54=2),0)),"")} -> Corea del Sur | G8: {=IFERROR(INDEX('Primera Fase'!$AE$7:$AE$54,MATCH(1,('Primera Fase'!$AC$7:$AC$54="B")*('Primera Fase'!$AD$7:$AD$54=2),0)),"")} | H8: Los Ángeles | J8: 2° Grupo A | K8: 2° Grupo B | M8: A | N8: {=IFERROR(INDEX('Primera Fase'!$P$7:$P$54,MATCH(1,('Primera Fase'!$O$7:$O$54=M8)*('Primera Fase'!$AA$7:$AA$54=3),0)),"")} -> Chequia | O8: =IFERROR(INDEX('Primera Fase'!$U$7:$U$54,MATCH(N8,'Primera Fase'!$P$7:$P$54,0)),"") -> 0 | P8: =IFERROR(INDEX('Primera Fase'!$Z$7:$Z$54,MATCH(N8,'Primera Fase'!$P$7:$P$54,0)),"") -> -1 | Q8: {=IF(O8="","",1+SUMPRODUCT(($O$8:$O$19<>"")*(($O$8:$O$19>O8)+(($O$8:$O$19=O8)*($P$8:$P$19>P8)))) )} -> 2 | S8: 1 | T8: {=IFERROR(_xlfn.TEXTJOIN(" - ",TRUE,_xlfn._xlws.FILTER($N$8:$N$19,$Q$8:$Q$19=1)),"")} -> Suecia
C9: 74 | D9: 29/06/2026 | F9: {=IFERROR(INDEX('Primera Fase'!$AE$7:$AE$54,MATCH(1,('Primera Fase'!$AC$7:$AC$54="E")*('Primera Fase'!$AD$7:$AD$54=1),0)),"")} -> Estados Unidos | G9: 3º Lugar | H9: Boston | J9: 1° Grupo E | K9: Mejor 3° | M9: B | N9: {=IFERROR(INDEX('Primera Fase'!$P$7:$P$54,MATCH(1,('Primera Fase'!$O$7:$O$54=M9)*('Primera Fase'!$AA$7:$AA$54=3),0)),"")} | O9: =IFERROR(INDEX('Primera Fase'!$U$7:$U$54,MATCH(N9,'Primera Fase'!$P$7:$P$54,0)),"") | P9: =IFERROR(INDEX('Primera Fase'!$Z$7:$Z$54,MATCH(N9,'Primera Fase'!$P$7:$P$54,0)),"") | Q9: {=IF(O9="","",1+SUMPRODUCT(($O$8:$O$19<>"")*(($O$8:$O$19>O9)+(($O$8:$O$19=O9)*($P$8:$P$19>P9)))) )} | S9: 2 | T9: {=IFERROR(_xlfn.TEXTJOIN(" - ",TRUE,_xlfn._xlws.FILTER($N$8:$N$19,$Q$8:$Q$19=2)),"")} -> Chequia - Ecuador
C10: 75 | D10: 29/06/2026 | F10: {=IFERROR(INDEX('Primera Fase'!$AE$7:$AE$54,MATCH(1,('Primera Fase'!$AC$7:$AC$54="F")*('Primera Fase'!$AD$7:$AD$54=1),0)),"")} -> Países Bajos - Japón | G10: {=IFERROR(INDEX('Primera Fase'!$AE$7:$AE$54,MATCH(1,('Primera Fase'!$AC$7:$AC$54="C")*('Primera Fase'!$AD$7:$AD$54=2),0)),"")} -> Brasil - Marruecos | H10: Monterrey | J10: 1° Grupo F | K10: 2° Grupo C | M10: C | N10: {=IFERROR(INDEX('Primera Fase'!$P$7:$P$54,MATCH(1,('Primera Fase'!$O$7:$O$54=M10)*('Primera Fase'!$AA$7:$AA$54=3),0)),"")} | O10: =IFERROR(INDEX('Primera Fase'!$U$7:$U$54,MATCH(N10,'Primera Fase'!$P$7:$P$54,0)),"") | P10: =IFERROR(INDEX('Primera Fase'!$Z$7:$Z$54,MATCH(N10,'Primera Fase'!$P$7:$P$54,0)),"") | Q10: {=IF(O10="","",1+SUMPRODUCT(($O$8:$O$19<>"")*(($O$8:$O$19>O10)+(($O$8:$O$19=O10)*($P$8:$P$19>P10)))) )} | S10: 3 | T10: {=IFERROR(_xlfn.TEXTJOIN(" - ",TRUE,_xlfn._xlws.FILTER($N$8:$N$19,$Q$8:$Q$19=3)),"")}
C11: 76 | D11: 29/06/2026 | F11: {=IFERROR(INDEX('Primera Fase'!$AE$7:$AE$54,MATCH(1,('Primera Fase'!$AC$7:$AC$54="C")*('Primera Fase'!$AD$7:$AD$54=2),0)),"")} -> Brasil - Marruecos | G11: {=IFERROR(INDEX('Primera Fase'!$AE$7:$AE$54,MATCH(1,('Primera Fase'!$AC$7:$AC$54="F")*('Primera Fase'!$AD$7:$AD$54=2),0)),"")} | H11: Houston | J11: 1° Grupo C | K11: 2° Grupo F | M11: D | N11: {=IFERROR(INDEX('Primera Fase'!$P$7:$P$54,MATCH(1,('Primera Fase'!$O$7:$O$54=M11)*('Primera Fase'!$AA$7:$AA$54=3),0)),"")} -> Turquía | O11: =IFERROR(INDEX('Primera Fase'!$U$7:$U$54,MATCH(N11,'Primera Fase'!$P$7:$P$54,0)),"") -> 0 | P11: =IFERROR(INDEX('Primera Fase'!$Z$7:$Z$54,MATCH(N11,'Primera Fase'!$P$7:$P$54,0)),"") -> -2 | Q11: {=IF(O11="","",1+SUMPRODUCT(($O$8:$O$19<>"")*(($O$8:$O$19>O11)+(($O$8:$O$19=O11)*($P$8:$P$19>P11)))) )} -> 4 | S11: 4 | T11: {=IFERROR(_xlfn.TEXTJOIN(" - ",TRUE,_xlfn._xlws.FILTER($N$8:$N$19,$Q$8:$Q$19=4)),"")} -> Turquía
C12: 77 | D12: 30/06/2026 | F12: {=IFERROR(INDEX('Primera Fase'!$AE$7:$AE$54,MATCH(1,('Primera Fase'!$AC$7:$AC$54="I")*('Primera Fase'!$AD$7:$AD$54=1),0)),"")} -> Francia - Senegal - Irak - Noruega | G12: 3º Lugar | H12: Nueva York/Nueva Jersey | J12: 1° Grupo I | K12: Mejor 3° | M12: E | N12: {=IFERROR(INDEX('Primera Fase'!$P$7:$P$54,MATCH(1,('Primera Fase'!$O$7:$O$54=M12)*('Primera Fase'!$AA$7:$AA$54=3),0)),"")} -> Ecuador | O12: =IFERROR(INDEX('Primera Fase'!$U$7:$U$54,MATCH(N12,'Primera Fase'!$P$7:$P$54,0)),"") -> 0 | P12: =IFERROR(INDEX('Primera Fase'!$Z$7:$Z$54,MATCH(N12,'Primera Fase'!$P$7:$P$54,0)),"") -> -1 | Q12: {=IF(O12="","",1+SUMPRODUCT(($O$8:$O$19<>"")*(($O$8:$O$19>O12)+(($O$8:$O$19=O12)*($P$8:$P$19>P12)))) )} -> 2 | S12: 5 | T12: {=IFERROR(_xlfn.TEXTJOIN(" - ",TRUE,_xlfn._xlws.FILTER($N$8:$N$19,$Q$8:$Q$19=5)),"")}
C13: 78 | D13: 30/06/2026 | F13: {=IFERROR(INDEX('Primera Fase'!$AE$7:$AE$54,MATCH(1,('Primera Fase'!$AC$7:$AC$54="E")*('Primera Fase'!$AD$7:$AD$54=2),0)),"")} -> Australia | G13: {=IFERROR(INDEX('Primera Fase'!$AE$7:$AE$54,MATCH(1,('Primera Fase'!$AC$7:$AC$54="I")*('Primera Fase'!$AD$7:$AD$54=2),0)),"")} | H13: Dallas | J13: 2° Grupo E | K13: 2° Grupo I | M13: F | N13: {=IFERROR(INDEX('Primera Fase'!$P$7:$P$54,MATCH(1,('Primera Fase'!$O$7:$O$54=M13)*('Primera Fase'!$AA$7:$AA$54=3),0)),"")} -> Suecia | O13: =IFERROR(INDEX('Primera Fase'!$U$7:$U$54,MATCH(N13,'Primera Fase'!$P$7:$P$54,0)),"") -> 0 | P13: =IFERROR(INDEX('Primera Fase'!$Z$7:$Z$54,MATCH(N13,'Primera Fase'!$P$7:$P$54,0)),"") -> 0 | Q13: {=IF(O13="","",1+SUMPRODUCT(($O$8:$O$19<>"")*(($O$8:$O$19>O13)+(($O$8:$O$19=O13)*($P$8:$P$19>P13)))) )} -> 1 | S13: 6 | T13: {=IFERROR(_xlfn.TEXTJOIN(" - ",TRUE,_xlfn._xlws.FILTER($N$8:$N$19,$Q$8:$Q$19=6)),"")}
C14: 79 | D14: 30/06/2026 | F14: {=IFERROR(INDEX('Primera Fase'!$AE$7:$AE$54,MATCH(1,('Primera Fase'!$AC$7:$AC$54="A")*('Primera Fase'!$AD$7:$AD$54=1),0)),"")} -> México | G14: 3º Lugar | H14: Ciudad de México | J14: 1° Grupo A | K14: Mejor 3° | M14: G | N14: {=IFERROR(INDEX('Primera Fase'!$P$7:$P$54,MATCH(1,('Primera Fase'!$O$7:$O$54=M14)*('Primera Fase'!$AA$7:$AA$54=3),0)),"")} | O14: =IFERROR(INDEX('Primera Fase'!$U$7:$U$54,MATCH(N14,'Primera Fase'!$P$7:$P$54,0)),"") | P14: =IFERROR(INDEX('Primera Fase'!$Z$7:$Z$54,MATCH(N14,'Primera Fase'!$P$7:$P$54,0)),"") | Q14: {=IF(O14="","",1+SUMPRODUCT(($O$8:$O$19<>"")*(($O$8:$O$19>O14)+(($O$8:$O$19=O14)*($P$8:$P$19>P14)))) )} | S14: 7 | T14: {=IFERROR(_xlfn.TEXTJOIN(" - ",TRUE,_xlfn._xlws.FILTER($N$8:$N$19,$Q$8:$Q$19=7)),"")}
C15: 80 | D15: 01/07/2026 | F15: {=IFERROR(INDEX('Primera Fase'!$AE$7:$AE$54,MATCH(1,('Primera Fase'!$AC$7:$AC$54="L")*('Primera Fase'!$AD$7:$AD$54=1),0)),"")} -> Inglaterra - Croacia - Ghana - Panamá | G15: 3º Lugar | H15: Atlanta | J15: 1° Grupo L | K15: Mejor 3° | M15: H | N15: {=IFERROR(INDEX('Primera Fase'!$P$7:$P$54,MATCH(1,('Primera Fase'!$O$7:$O$54=M15)*('Primera Fase'!$AA$7:$AA$54=3),0)),"")} | O15: =IFERROR(INDEX('Primera Fase'!$U$7:$U$54,MATCH(N15,'Primera Fase'!$P$7:$P$54,0)),"") | P15: =IFERROR(INDEX('Primera Fase'!$Z$7:$Z$54,MATCH(N15,'Primera Fase'!$P$7:$P$54,0)),"") | Q15: {=IF(O15="","",1+SUMPRODUCT(($O$8:$O$19<>"")*(($O$8:$O$19>O15)+(($O$8:$O$19=O15)*($P$8:$P$19>P15)))) )} | S15: 8 | T15: {=IFERROR(_xlfn.TEXTJOIN(" - ",TRUE,_xlfn._xlws.FILTER($N$8:$N$19,$Q$8:$Q$19=8)),"")}
C16: 81 | D16: 01/07/2026 | F16: {=IFERROR(INDEX('Primera Fase'!$AE$7:$AE$54,MATCH(1,('Primera Fase'!$AC$7:$AC$54="D")*('Primera Fase'!$AD$7:$AD$54=1),0)),"")} -> Estados Unidos | G16: 3º Lugar | H16: San Francisco Bay Area | J16: 1° Grupo D | K16: Mejor 3° | M16: I | N16: {=IFERROR(INDEX('Primera Fase'!$P$7:$P$54,MATCH(1,('Primera Fase'!$O$7:$O$54=M16)*('Primera Fase'!$AA$7:$AA$54=3),0)),"")} | O16: =IFERROR(INDEX('Primera Fase'!$U$7:$U$54,MATCH(N16,'Primera Fase'!$P$7:$P$54,0)),"") | P16: =IFERROR(INDEX('Primera Fase'!$Z$7:$Z$54,MATCH(N16,'Primera Fase'!$P$7:$P$54,0)),"") | Q16: {=IF(O16="","",1+SUMPRODUCT(($O$8:$O$19<>"")*(($O$8:$O$19>O16)+(($O$8:$O$19=O16)*($P$8:$P$19>P16)))) )}
C17: 82 | D17: 01/07/2026 | F17: {=IFERROR(INDEX('Primera Fase'!$AE$7:$AE$54,MATCH(1,('Primera Fase'!$AC$7:$AC$54="G")*('Primera Fase'!$AD$7:$AD$54=1),0)),"")} -> Bélgica - Egipto - Irán - Nueva Zelanda | G17: 3º Lugar | H17: Seattle | J17: 1° Grupo G | K17: Mejor 3° | M17: J | N17: {=IFERROR(INDEX('Primera Fase'!$P$7:$P$54,MATCH(1,('Primera Fase'!$O$7:$O$54=M17)*('Primera Fase'!$AA$7:$AA$54=3),0)),"")} | O17: =IFERROR(INDEX('Primera Fase'!$U$7:$U$54,MATCH(N17,'Primera Fase'!$P$7:$P$54,0)),"") | P17: =IFERROR(INDEX('Primera Fase'!$Z$7:$Z$54,MATCH(N17,'Primera Fase'!$P$7:$P$54,0)),"") | Q17: {=IF(O17="","",1+SUMPRODUCT(($O$8:$O$19<>"")*(($O$8:$O$19>O17)+(($O$8:$O$19=O17)*($P$8:$P$19>P17)))) )}
C18: 83 | D18: 02/07/2026 | F18: {=IFERROR(INDEX('Primera Fase'!$AE$7:$AE$54,MATCH(1,('Primera Fase'!$AC$7:$AC$54="K")*('Primera Fase'!$AD$7:$AD$54=2),0)),"")} | G18: {=IFERROR(INDEX('Primera Fase'!$AE$7:$AE$54,MATCH(1,('Primera Fase'!$AC$7:$AC$54="L")*('Primera Fase'!$AD$7:$AD$54=2),0)),"")} | H18: Toronto | J18: 2° Grupo K | K18: 2° Grupo L | M18: K | N18: {=IFERROR(INDEX('Primera Fase'!$P$7:$P$54,MATCH(1,('Primera Fase'!$O$7:$O$54=M18)*('Primera Fase'!$AA$7:$AA$54=3),0)),"")} | O18: =IFERROR(INDEX('Primera Fase'!$U$7:$U$54,MATCH(N18,'Primera Fase'!$P$7:$P$54,0)),"") | P18: =IFERROR(INDEX('Primera Fase'!$Z$7:$Z$54,MATCH(N18,'Primera Fase'!$P$7:$P$54,0)),"") | Q18: {=IF(O18="","",1+SUMPRODUCT(($O$8:$O$19<>"")*(($O$8:$O$19>O18)+(($O$8:$O$19=O18)*($P$8:$P$19>P18)))) )}
C19: 84 | D19: 02/07/2026 | F19: {=IFERROR(INDEX('Primera Fase'!$AE$7:$AE$54,MATCH(1,('Primera Fase'!$AC$7:$AC$54="H")*('Primera Fase'!$AD$7:$AD$54=1),0)),"")} -> España - Cabo Verde - Arabia Saudita - Uruguay | G19: {=IFERROR(INDEX('Primera Fase'!$AE$7:$AE$54,MATCH(1,('Primera Fase'!$AC$7:$AC$54="H")*('Primera Fase'!$AD$7:$AD$54=1),0)),"")} -> España - Cabo Verde - Arabia Saudita - Uruguay | H19: Los Ángeles | J19: 1° Grupo H | K19: 2° Grupo J | M19: L | N19: {=IFERROR(INDEX('Primera Fase'!$P$7:$P$54,MATCH(1,('Primera Fase'!$O$7:$O$54=M19)*('Primera Fase'!$AA$7:$AA$54=3),0)),"")} | O19: =IFERROR(INDEX('Primera Fase'!$U$7:$U$54,MATCH(N19,'Primera Fase'!$P$7:$P$54,0)),"") | P19: =IFERROR(INDEX('Primera Fase'!$Z$7:$Z$54,MATCH(N19,'Primera Fase'!$P$7:$P$54,0)),"") | Q19: {=IF(O19="","",1+SUMPRODUCT(($O$8:$O$19<>"")*(($O$8:$O$19>O19)+(($O$8:$O$19=O19)*($P$8:$P$19>P19)))) )}
C20: 85 | D20: 02/07/2026 | F20: {=IFERROR(INDEX('Primera Fase'!$AE$7:$AE$54,MATCH(1,('Primera Fase'!$AC$7:$AC$54="B")*('Primera Fase'!$AD$7:$AD$54=1),0)),"")} -> Canadá - Bosnia y Herzegovina - Qatar - Suiza | G20: 3º Lugar | H20: Vancouver | J20: 1° Grupo B | K20: Mejor 3° | Q20: {=IF(N20="","",1+SUMPRODUCT(($N$8:$N$19>N20)+(($N$8:$N$19=N20)*($O$8:$O$19>O20))))}
C21: 86 | D21: 03/07/2026 | F21: {=IFERROR(INDEX('Primera Fase'!$AE$7:$AE$54,MATCH(1,('Primera Fase'!$AC$7:$AC$54="J")*('Primera Fase'!$AD$7:$AD$54=1),0)),"")} -> Argentina - Argelia - Austria - Jordania | G21: {=IFERROR(INDEX('Primera Fase'!$AE$7:$AE$54,MATCH(1,('Primera Fase'!$AC$7:$AC$54="H")*('Primera Fase'!$AD$7:$AD$54=2),0)),"")} | H21: Miami | J21: 1° Grupo J | K21: 2° Grupo H
C22: 87 | D22: 03/07/2026 | F22: {=IFERROR(INDEX('Primera Fase'!$AE$7:$AE$54,MATCH(1,('Primera Fase'!$AC$7:$AC$54="K")*('Primera Fase'!$AD$7:$AD$54=1),0)),"")} -> Portugal - RD Congo - Uzbekistán - Colombia | G22: 3º Lugar | H22: Kansas City | J22: 1° Grupo K | K22: Mejor 3°
C23: 88 | D23: 03/07/2026 | F23: {=IFERROR(INDEX('Primera Fase'!$AE$7:$AE$54,MATCH(1,('Primera Fase'!$AC$7:$AC$54="D")*('Primera Fase'!$AD$7:$AD$54=2),0)),"")} -> Australia | G23: {=IFERROR(INDEX('Primera Fase'!$AE$7:$AE$54,MATCH(1,('Primera Fase'!$AC$7:$AC$54="G")*('Primera Fase'!$AD$7:$AD$54=2),0)),"")} -> 0 | H23: Dallas | J23: 2° Grupo D | K23: 2° Grupo G

Sheet Quiniela CASA
B12: Día | C12: Hora | D12: Equipos | F12: RESULTADO OFICIAL | H12: SAMMY | K12: TASHA | N12: TONY | Q12: EDUARDO | U12: PUNTAJE
H13: Resultado | J13: PTS | K13: Resultado | M13: PTS | N13: Resultado | P13: PTS | Q13: Resultado | S13: PTS
B14: 11/06/2026 | C14: 13:00 | D14: México | E14: Sudáfrica | F14: =IF(AND('Primera Fase'!I7=0,'Primera Fase'!H7=""),"-",'Primera Fase'!I7) -> 2 | G14: =IF(AND('Primera Fase'!J7=0,'Primera Fase'!I7=""),"-",'Primera Fase'!J7) -> 0 | H14: 2 | I14: 0 | J14: =IF(AND(F14=H14,G14=I14),3,IF(OR(AND(F14>G14,H14>I14),AND(F14<G14,H14<I14),AND(F14=G14,H14=I14)),1,0)) -> 3 | K14: 2 | L14: 0 | M14: =IF(AND(F14=K14,G14=L14),3,IF(OR(AND(F14>G14,K14>L14),AND(F14<G14,K14<L14),AND(F14=G14,K14=L14)),1,0)) -> 3 | N14: 2 | O14: 1 | P14: =IF(AND(F14=N14,G14=O14),3,IF(OR(AND(F14>G14,N14>O14),AND(F14<G14,N14<O14),AND(F14=G14,N14=O14)),1,0)) -> 1 | S14: =IF(AND(F14=Q14,G14=R14),3,IF(OR(AND(F14>G14,Q14>R14),AND(F14<G14,Q14<R14),AND(F14=G14,Q14=R14)),1,0)) -> 0 | U14: Resultado general | V14: 1
B15: 11/06/2026 | C15: 20:00 | D15: Corea del Sur | E15: Chequia | F15: =IF(AND('Primera Fase'!I8=0,'Primera Fase'!H8=""),"-",'Primera Fase'!I8) -> 2 | G15: =IF(AND('Primera Fase'!J8=0,'Primera Fase'!I8=""),"-",'Primera Fase'!J8) -> 1 | H15: 3 | I15: 1 | J15: =IF(AND(F15=H15,G15=I15),3,IF(OR(AND(F15>G15,H15>I15),AND(F15<G15,H15<I15),AND(F15=G15,H15=I15)),1,0)) -> 1 | K15: 2 | L15: 2 | M15: =IF(AND(F15=K15,G15=L15),3,IF(OR(AND(F15>G15,K15>L15),AND(F15<G15,K15<L15),AND(F15=G15,K15=L15)),1,0)) -> 0 | N15: 3 | O15: 3 | P15: =IF(AND(F15=N15,G15=O15),3,IF(OR(AND(F15>G15,N15>O15),AND(F15<G15,N15<O15),AND(F15=G15,N15=O15)),1,0)) -> 0 | U15: Resultado exacto | V15: 3
B16: 12/06/2026 | C16: 13:00 | D16: Canadá | E16: Bosnia y Herzegovina | F16: =IF(AND('Primera Fase'!I9=0,'Primera Fase'!H9=""),"-",'Primera Fase'!I9) -> 1 | G16: =IF(AND('Primera Fase'!J9=0,'Primera Fase'!I9=""),"-",'Primera Fase'!J9) -> 1 | H16: 3 | I16: 0 | J16: =IF(AND(F16=H16,G16=I16),3,IF(OR(AND(F16>G16,H16>I16),AND(F16<G16,H16<I16),AND(F16=G16,H16=I16)),1,0)) -> 0 | K16: 2 | L16: 1 | M16: =IF(AND(F16=K16,G16=L16),3,IF(OR(AND(F16>G16,K16>L16),AND(F16<G16,K16<L16),AND(F16=G16,K16=L16)),1,0)) -> 0 | N16: 3 | O16: 1 | P16: =IF(AND(F16=N16,G16=O16),3,IF(OR(AND(F16>G16,N16>O16),AND(F16<G16,N16<O16),AND(F16=G16,N16=O16)),1,0)) -> 0
B17: 12/06/2026 | C17: 19:00 | D17: Estados Unidos | E17: Paraguay | F17: =IF(AND('Primera Fase'!I10=0,'Primera Fase'!H10=""),"-",'Primera Fase'!I10) -> 4 | G17: =IF(AND('Primera Fase'!J10=0,'Primera Fase'!I10=""),"-",'Primera Fase'!J10) -> 1 | H17: 2 | I17: 2 | J17: =IF(AND(F17=H17,G17=I17),3,IF(OR(AND(F17>G17,H17>I17),AND(F17<G17,H17<I17),AND(F17=G17,H17=I17)),1,0)) -> 0 | K17: 2 | L17: 1 | M17: =IF(AND(F17=K17,G17=L17),3,IF(OR(AND(F17>G17,K17>L17),AND(F17<G17,K17<L17),AND(F17=G17,K17=L17)),1,0)) -> 1 | N17: 2 | O17: 3 | P17: =IF(AND(F17=N17,G17=O17),3,IF(OR(AND(F17>G17,N17>O17),AND(F17<G17,N17<O17),AND(F17=G17,N17=O17)),1,0)) -> 0
B18: 13/06/2026 | C18: 13:00 | D18: Qatar | E18: Suiza | F18: =IF(AND('Primera Fase'!I11=0,'Primera Fase'!H11=""),"-",'Primera Fase'!I11) -> 1 | G18: =IF(AND('Primera Fase'!J11=0,'Primera Fase'!I11=""),"-",'Primera Fase'!J11) -> 1 | H18: 1 | I18: 1 | J18: =IF(AND(F18=H18,G18=I18),3,IF(OR(AND(F18>G18,H18>I18),AND(F18<G18,H18<I18),AND(F18=G18,H18=I18)),1,0)) -> 3 | K18: 0 | L18: 2 | M18: =IF(AND(F18=K18,G18=L18),3,IF(OR(AND(F18>G18,K18>L18),AND(F18<G18,K18<L18),AND(F18=G18,K18=L18)),1,0)) -> 0 | N18: 1 | O18: 2 | P18: =IF(AND(F18=N18,G18=O18),3,IF(OR(AND(F18>G18,N18>O18),AND(F18<G18,N18<O18),AND(F18=G18,N18=O18)),1,0)) -> 0
B19: 13/06/2026 | C19: 16:00 | D19: Brasil | E19: Marruecos | F19: =IF(AND('Primera Fase'!I12=0,'Primera Fase'!H12=""),"-",'Primera Fase'!I12) -> 1 | G19: =IF(AND('Primera Fase'!J12=0,'Primera Fase'!I12=""),"-",'Primera Fase'!J12) -> 1 | H19: 3 | I19: 1 | J19: =IF(AND(F19=H19,G19=I19),3,IF(OR(AND(F19>G19,H19>I19),AND(F19<G19,H19<I19),AND(F19=G19,H19=I19)),1,0)) -> 0 | K19: 3 | L19: 1 | M19: =IF(AND(F19=K19,G19=L19),3,IF(OR(AND(F19>G19,K19>L19),AND(F19<G19,K19<L19),AND(F19=G19,K19=L19)),1,0)) -> 0 | N19: 3 | O19: 2 | P19: =IF(AND(F19=N19,G19=O19),3,IF(OR(AND(F19>G19,N19>O19),AND(F19<G19,N19<O19),AND(F19=G19,N19=O19)),1,0)) -> 0
B20: 13/06/2026 | C20: 19:00 | D20: Haití | E20: Escocia | F20: =IF(AND('Primera Fase'!I13=0,'Primera Fase'!H13=""),"-",'Primera Fase'!I13) -> 0 | G20: =IF(AND('Primera Fase'!J13=0,'Primera Fase'!I13=""),"-",'Primera Fase'!J13) -> 1 | H20: 0 | I20: 0 | J20: =IF(AND(F20=H20,G20=I20),3,IF(OR(AND(F20>G20,H20>I20),AND(F20<G20,H20<I20),AND(F20=G20,H20=I20)),1,0)) -> 0 | K20: 0 | L20: 1 | M20: =IF(AND(F20=K20,G20=L20),3,IF(OR(AND(F20>G20,K20>L20),AND(F20<G20,K20<L20),AND(F20=G20,K20=L20)),1,0)) -> 3 | N20: 0 | O20: 3 | P20: =IF(AND(F20=N20,G20=O20),3,IF(OR(AND(F20>G20,N20>O20),AND(F20<G20,N20<O20),AND(F20=G20,N20=O20)),1,0)) -> 1
B21: 13/06/2026 | C21: 22:00 | D21: Australia | E21: Turquía | F21: =IF(AND('Primera Fase'!I14=0,'Primera Fase'!H14=""),"-",'Primera Fase'!I14) -> 2 | G21: =IF(AND('Primera Fase'!J14=0,'Primera Fase'!I14=""),"-",'Primera Fase'!J14) -> 0 | H21: 1 | I21: 2 | J21: =IF(AND(F21=H21,G21=I21),3,IF(OR(AND(F21>G21,H21>I21),AND(F21<G21,H21<I21),AND(F21=G21,H21=I21)),1,0)) -> 0 | K21: 2 | L21: 2 | M21: =IF(AND(F21=K21,G21=L21),3,IF(OR(AND(F21>G21,K21>L21),AND(F21<G21,K21<L21),AND(F21=G21,K21=L21)),1,0)) -> 0 | N21: 1 | O21: 3 | P21: =IF(AND(F21=N21,G21=O21),3,IF(OR(AND(F21>G21,N21>O21),AND(F21<G21,N21<O21),AND(F21=G21,N21=O21)),1,0)) -> 0
B22: 14/06/2026 | C22: 11:00 | D22: Alemania | E22: Curazao | F22: =IF(AND('Primera Fase'!I15=0,'Primera Fase'!H15=""),"-",'Primera Fase'!I15) -> 7 | G22: =IF(AND('Primera Fase'!J15=0,'Primera Fase'!I15=""),"-",'Primera Fase'!J15) -> 1 | H22: 3 | I22: 1 | J22: =IF(AND(F22=H22,G22=I22),3,IF(OR(AND(F22>G22,H22>I22),AND(F22<G22,H22<I22),AND(F22=G22,H22=I22)),1,0)) -> 1 | K22: 3 | L22: 0 | M22: =IF(AND(F22=K22,G22=L22),3,IF(OR(AND(F22>G22,K22>L22),AND(F22<G22,K22<L22),AND(F22=G22,K22=L22)),1,0)) -> 1 | N22: 4 | O22: 0 | P22: =IF(AND(F22=N22,G22=O22),3,IF(OR(AND(F22>G22,N22>O22),AND(F22<G22,N22<O22),AND(F22=G22,N22=O22)),1,0)) -> 1
B23: 14/06/2026 | C23: 14:00 | D23: Países Bajos | E23: Japón | F23: =IF(AND('Primera Fase'!I16=0,'Primera Fase'!H16=""),"-",'Primera Fase'!I16) -> 2 | G23: =IF(AND('Primera Fase'!J16=0,'Primera Fase'!I16=""),"-",'Primera Fase'!J16) -> 2 | H23: 2 | I23: 2 | J23: =IF(AND(F23=H23,G23=I23),3,IF(OR(AND(F23>G23,H23>I23),AND(F23<G23,H23<I23),AND(F23=G23,H23=I23)),1,0)) -> 3 | K23: 3 | L23: 0 | M23: =IF(AND(F23=K23,G23=L23),3,IF(OR(AND(F23>G23,K23>L23),AND(F23<G23,K23<L23),AND(F23=G23,K23=L23)),1,0)) -> 0 | N23: 4 | O23: 2 | P23: =IF(AND(F23=N23,G23=O23),3,IF(OR(AND(F23>G23,N23>O23),AND(F23<G23,N23<O23),AND(F23=G23,N23=O23)),1,0)) -> 0
B24: 14/06/2026 | C24: 17:00 | D24: Costa de Marfil | E24: Ecuador | F24: =IF(AND('Primera Fase'!I17=0,'Primera Fase'!H17=""),"-",'Primera Fase'!I17) -> 1 | G24: =IF(AND('Primera Fase'!J17=0,'Primera Fase'!I17=""),"-",'Primera Fase'!J17) -> 0 | H24: 0 | I24: 1 | J24: =IF(AND(F24=H24,G24=I24),3,IF(OR(AND(F24>G24,H24>I24),AND(F24<G24,H24<I24),AND(F24=G24,H24=I24)),1,0)) -> 0 | K24: 1 | L24: 2 | M24: =IF(AND(F24=K24,G24=L24),3,IF(OR(AND(F24>G24,K24>L24),AND(F24<G24,K24<L24),AND(F24=G24,K24=L24)),1,0)) -> 0 | N24: 2 | O24: 2 | P24: =IF(AND(F24=N24,G24=O24),3,IF(OR(AND(F24>G24,N24>O24),AND(F24<G24,N24<O24),AND(F24=G24,N24=O24)),1,0)) -> 0
B25: 14/06/2026 | C25: 20:00 | D25: Suecia | E25: Túnez | F25: =IF(AND('Primera Fase'!I18=0,'Primera Fase'!H18=""),"-",'Primera Fase'!I18) -> - | G25: =IF(AND('Primera Fase'!J18=0,'Primera Fase'!I18=""),"-",'Primera Fase'!J18) -> - | H25: 2 | I25: 1 | K25: 1 | L25: 0 | N25: 0 | O25: 0
B26: 15/06/2026 | C26: 10:00 | D26: España | E26: Cabo Verde | F26: =IF(AND('Primera Fase'!I19=0,'Primera Fase'!H19=""),"-",'Primera Fase'!I19) -> - | G26: =IF(AND('Primera Fase'!J19=0,'Primera Fase'!I19=""),"-",'Primera Fase'!J19) -> - | H26: 3 | I26: 0 | K26: 4 | L26: 0 | N26: 5 | O26: 0
B27: 15/06/2026 | C27: 13:00 | D27: Bélgica | E27: Egipto | F27: =IF(AND('Primera Fase'!I20=0,'Primera Fase'!H20=""),"-",'Primera Fase'!I20) -> - | G27: =IF(AND('Primera Fase'!J20=0,'Primera Fase'!I20=""),"-",'Primera Fase'!J20) -> - | H27: 3 | I27: 1 | K27: 2 | L27: 0 | N27: 2 | O27: 1
B28: 15/06/2026 | C28: 16:00 | D28: Arabia Saudí | E28: Uruguay | F28: =IF(AND('Primera Fase'!I21=0,'Primera Fase'!H21=""),"-",'Primera Fase'!I21) -> - | G28: =IF(AND('Primera Fase'!J21=0,'Primera Fase'!I21=""),"-",'Primera Fase'!J21) -> - | H28: 2 | I28: 2 | K28: 1 | L28: 2 | N28: 2 | O28: 2
B29: 15/06/2026 | C29: 19:00 | D29: Irán | E29: Nueva Zelanda | F29: =IF(AND('Primera Fase'!I22=0,'Primera Fase'!H22=""),"-",'Primera Fase'!I22) -> - | G29: =IF(AND('Primera Fase'!J22=0,'Primera Fase'!I22=""),"-",'Primera Fase'!J22) -> - | H29: 0 | I29: 0 | K29: 0 | L29: 1 | N29: 1 | O29: 1
B30: 16/06/2026 | C30: 13:00 | D30: Francia | E30: Senegal | F30: =IF(AND('Primera Fase'!I23=0,'Primera Fase'!H23=""),"-",'Primera Fase'!I23) -> - | G30: =IF(AND('Primera Fase'!J23=0,'Primera Fase'!I23=""),"-",'Primera Fase'!J23) -> - | H30: 3 | I30: 1 | K30: 3 | L30: 0 | N30: 3 | O30: 1
B31: 16/06/2026 | C31: 16:00 | D31: Irak | E31: Noruega | F31: =IF(AND('Primera Fase'!I24=0,'Primera Fase'!H24=""),"-",'Primera Fase'!I24) -> - | G31: =IF(AND('Primera Fase'!J24=0,'Primera Fase'!I24=""),"-",'Primera Fase'!J24) -> - | H31: 0 | I31: 1 | K31: 0 | L31: 2 | N31: 1 | O31: 3
B32: 16/06/2026 | C32: 19:00 | D32: Argentina | E32: Argelia | F32: =IF(AND('Primera Fase'!I25=0,'Primera Fase'!H25=""),"-",'Primera Fase'!I25) -> - | G32: =IF(AND('Primera Fase'!J25=0,'Primera Fase'!I25=""),"-",'Primera Fase'!J25) -> - | H32: 4 | I32: 0 | K32: 3 | L32: 1 | N32: 4 | O32: 1
B33: 16/06/2026 | C33: 22:00 | D33: Austria | E33: Jordania | F33: =IF(AND('Primera Fase'!I26=0,'Primera Fase'!H26=""),"-",'Primera Fase'!I26) -> - | G33: =IF(AND('Primera Fase'!J26=0,'Primera Fase'!I26=""),"-",'Primera Fase'!J26) -> - | H33: 2 | I33: 0 | K33: 1 | L33: 1 | N33: 1 | O33: 0
B34: 17/06/2026 | C34: 11:00 | D34: Portugal | E34: RD Congo | F34: =IF(AND('Primera Fase'!I27=0,'Primera Fase'!H27=""),"-",'Primera Fase'!I27) -> - | G34: =IF(AND('Primera Fase'!J27=0,'Primera Fase'!I27=""),"-",'Primera Fase'!J27) -> - | H34: 3 | I34: 1 | K34: 3 | L34: 0 | N34: 2 | O34: 1
B35: 17/06/2026 | C35: 14:00 | D35: Inglaterra | E35: Croacia | F35: =IF(AND('Primera Fase'!I28=0,'Primera Fase'!H28=""),"-",'Primera Fase'!I28) -> - | G35: =IF(AND('Primera Fase'!J28=0,'Primera Fase'!I28=""),"-",'Primera Fase'!J28) -> - | H35: 3 | I35: 1 | K35: 2 | L35: 1 | N35: 3 | O35: 1
B36: 17/06/2026 | C36: 17:00 | D36: Ghana | E36: Panamá | F36: =IF(AND('Primera Fase'!I29=0,'Primera Fase'!H29=""),"-",'Primera Fase'!I29) -> - | G36: =IF(AND('Primera Fase'!J29=0,'Primera Fase'!I29=""),"-",'Primera Fase'!J29) -> - | H36: 2 | I36: 1 | K36: 1 | L36: 0 | N36: 3 | O36: 1
... B85: 27/06/2026 | C85: 20:00 | D85: Jordania | E85: Argentina | F85: =IF(AND('Primera Fase'!I78=0,'Primera Fase'!H78=""),"-",'Primera Fase'!I78) -> - | G85: =IF(AND('Primera Fase'!J78=0,'Primera Fase'!I78=""),"-",'Primera Fase'!J78) -> - | H85: 0 | I85: 4 | K85: 0 | L85: 3 | N85: 1 | O85: 4
H86: TOTAL PST | J86: =SUM(J14:J85) -> 11 | K86: TOTAL PST | M86: =SUM(M14:M85) -> 8 | N86: TOTAL PST | P86: =SUM(P14:P85) -> 3 | Q86: TOTAL PST | S86: =SUM(S14:S85) -> 0

Sheet Quiniela ABU
E12: Equipos | F12: RESULTADO OFICIAL | H12: SAMMY | K12: TASHA | N12: TONY | Q12: NURY | T12: ABU | W12: JARED | AA12: PUNTAJE
H13: Resultado | J13: PTS | K13: Resultado | M13: PTS | N13: Resultado | P13: PTS | Q13: Resultado | S13: PTS | T13: Resultado | V13: PTS | W13: Resultado | Y13: PTS
E14: México vs Sudáfrica | F14: 2 | G14: 0 | H14: 2 | I14: 1 | J14: =IF(AND(F14=H14,G14=I14),3,IF(OR(AND(F14>G14,H14>I14),AND(F14<G14,H14<I14),AND(F14=G14,H14=I14)),1,0)) -> 1 | K14: 2 | L14: 1 | M14: =IF(AND(F14=K14,G14=L14),3,IF(OR(AND(F14>G14,K14>L14),AND(F14<G14,K14<L14),AND(F14=G14,K14=L14)),1,0)) -> 1 | N14: 3 | O14: 2 | P14: =IF(AND(F14=N14,G14=O14),3,IF(OR(AND(F14>G14,N14>O14),AND(F14<G14,N14<O14),AND(F14=G14,N14=O14)),1,0)) -> 1 | Q14: 2 | R14: 2 | S14: =IF(AND(F14=Q14,G14=R14),3,IF(OR(AND(F14>G14,Q14>R14),AND(F14<G14,Q14<R14),AND(F14=G14,Q14=R14)),1,0)) -> 0 | T14: 1 | U14: 3 | V14: =IF(AND(F14=T14,G14=U14),3,IF(OR(AND(F14>G14,T14>U14),AND(F14<G14,T14<U14),AND(F14=G14,T14=U14)),1,0)) -> 0 | W14: 2 | X14: 0 | Y14: =IF(AND(F14=W14,G14=X14),3,IF(OR(AND(F14>G14,W14>X14),AND(F14<G14,W14<X14),AND(F14=G14,W14=X14)),1,0)) -> 3 | AA14: Resultado general | AB14: 1
E15: Estados Unidos vs Paraguay | F15: 4 | G15: 1 | H15: 2 | I15: 1 | J15: =IF(AND(F15=H15,G15=I15),3,IF(OR(AND(F15>G15,H15>I15),AND(F15<G15,H15<I15),AND(F15=G15,H15=I15)),1,0)) -> 1 | K15: 3 | L15: 1 | M15: =IF(AND(F15=K15,G15=L15),3,IF(OR(AND(F15>G15,K15>L15),AND(F15<G15,K15<L15),AND(F15=G15,K15=L15)),1,0)) -> 1 | N15: 2 | O15: 2 | P15: =IF(AND(F15=N15,G15=O15),3,IF(OR(AND(F15>G15,N15>O15),AND(F15<G15,N15<O15),AND(F15=G15,N15=O15)),1,0)) -> 0 | Q15: 1 | R15: 2 | S15: =IF(AND(F15=Q15,G15=R15),3,IF(OR(AND(F15>G15,Q15>R15),AND(F15<G15,Q15<R15),AND(F15=G15,Q15=R15)),1,0)) -> 0 | T15: 1 | U15: 2 | V15: =IF(AND(F15=T15,G15=U15),3,IF(OR(AND(F15>G15,T15>U15),AND(F15<G15,T15<U15),AND(F15=G15,T15=U15)),1,0)) -> 0 | W15: 0 | X15: 1 | Y15: =IF(AND(F15=W15,G15=X15),3,IF(OR(AND(F15>G15,W15>X15),AND(F15<G15,W15<X15),AND(F15=G15,W15=X15)),1,0)) -> 0 | AA15: Resultado exacto | AB15: 3
E16: Brasil vs Marruecos | F16: 1 | G16: 1 | H16: 4 | I16: 2 | J16: =IF(AND(F16=H16,G16=I16),3,IF(OR(AND(F16>G16,H16>I16),AND(F16<G16,H16<I16),AND(F16=G16,H16=I16)),1,0)) -> 0 | K16: 2 | L16: 2 | M16: =IF(AND(F16=K16,G16=L16),3,IF(OR(AND(F16>G16,K16>L16),AND(F16<G16,K16<L16),AND(F16=G16,K16=L16)),1,0)) -> 1 | N16: 1 | O16: 2 | P16: =IF(AND(F16=N16,G16=O16),3,IF(OR(AND(F16>G16,N16>O16),AND(F16<G16,N16<O16),AND(F16=G16,N16=O16)),1,0)) -> 0 | Q16: 1 | R16: 3 | S16: =IF(AND(F16=Q16,G16=R16),3,IF(OR(AND(F16>G16,Q16>R16),AND(F16<G16,Q16<R16),AND(F16=G16,Q16=R16)),1,0)) -> 0 | T16: 3 | U16: 2 | V16: =IF(AND(F16=T16,G16=U16),3,IF(OR(AND(F16>G16,T16>U16),AND(F16<G16,T16<U16),AND(F16=G16,T16=U16)),1,0)) -> 0 | W16: 3 | X16: 0 | Y16: =IF(AND(F16=W16,G16=X16),3,IF(OR(AND(F16>G16,W16>X16),AND(F16<G16,W16<X16),AND(F16=G16,W16=X16)),1,0)) -> 0
E17: Canada vs Bosnia | F17: 1 | G17: 1 | H17: 3 | I17: 2 | J17: =IF(AND(F17=H17,G17=I17),3,IF(OR(AND(F17>G17,H17>I17),AND(F17<G17,H17<I17),AND(F17=G17,H17=I17)),1,0)) -> 0 | K17: 1 | L17: 1 | M17: =IF(AND(F17=K17,G17=L17),3,IF(OR(AND(F17>G17,K17>L17),AND(F17<G17,K17<L17),AND(F17=G17,K17=L17)),1,0)) -> 3 | N17: 0 | O17: 1 | P17: =IF(AND(F17=N17,G17=O17),3,IF(OR(AND(F17>G17,N17>O17),AND(F17<G17,N17<O17),AND(F17=G17,N17=O17)),1,0)) -> 0 | Q17: 2 | R17: 2 | S17: =IF(AND(F17=Q17,G17=R17),3,IF(OR(AND(F17>G17,Q17>R17),AND(F17<G17,Q17<R17),AND(F17=G17,Q17=R17)),1,0)) -> 1 | T17: 3 | U17: 1 | V17: =IF(AND(F17=T17,G17=U17),3,IF(OR(AND(F17>G17,T17>U17),AND(F17<G17,T17<U17),AND(F17=G17,T17=U17)),1,0)) -> 0 | W17: 2 | X17: 1 | Y17: =IF(AND(F17=W17,G17=X17),3,IF(OR(AND(F17>G17,W17>X17),AND(F17<G17,W17<X17),AND(F17=G17,W17=X17)),1,0)) -> 0
E18: Países Bajos vs Japón | H18: 2 | I18: 2 | K18: 3 | L18: 1 | N18: 3 | O18: 3 | Q18: 2 | R18: 1 | T18: 1 | U18: 2 | W18: 0 | X18: 0
E19: Panamá vs Croacia | H19: 1 | I19: 3 | K19: 0 | L19: 3 | N19: 0 | O19: 3 | Q19: 1 | R19: 1 | T19: 2 | U19: 1 | W19: 0 | X19: 1
E20: Inglaterra vs Croacia | H20: 1 | I20: 2 | K20: 3 | L20: 2 | N20: 2 | O20: 1 | Q20: 2 | R20: 2 | T20: 1 | U20: 1 | W20: 1 | X20: 1
E21: Marruecos vs Haití | H21: 1 | I21: 2 | K21: 3 | L21: 1 | N21: 5 | O21: 1 | Q21: 2 | R21: 1 | T21: 1 | U21: 2 | W21: 1 | X21: 0
E22: México vs Corea del Sur | H22: 3 | I22: 3 | K22: 2 | L22: 1 | N22: 1 | O22: 1 | Q22: 1 | R22: 2 | T22: 2 | U22: 0 | W22: 2 | X22: 0
E23: Estados Unidos vs Australia | H23: 1 | I23: 1 | K23: 2 | L23: 2 | N23: 2 | O23: 1 | Q23: 1 | R23: 3 | T23: 2 | U23: 2 | W23: 0 | X23: 0
E24: Brasil vs Haití | H24: 3 | I24: 0 | K24: 3 | L24: 0 | N24: 6 | O24: 2 | Q24: 2 | R24: 2 | T24: 3 | U24: 1 | W24: 4 | X24: 0
E25: Alemania vs Costa de Marfil | H25: 3 | I25: 0 | K25: 4 | L25: 1 | N25: 3 | O25: 1 | Q25: 2 | R25: 2 | T25: 0 | U25: 0 | W25: 2 | X25: 0
E26: Noruega vs Francia | H26: 2 | I26: 2 | K26: 1 | L26: 3 | N26: 3 | O26: 2 | Q26: 2 | R26: 1 | T26: 1 | U26: 1 | W26: 2 | X26: 3
E27: España vs Arabia Saudí | H27: 3 | I27: 0 | K27: 4 | L27: 0 | N27: 4 | O27: 0 | Q27: 1 | R27: 3 | T27: 1 | U27: 1 | W27: 0 | X27: 1
E28: Bélgica vs Irán | H28: 1 | I28: 1 | K28: 1 | L28: 0 | N28: 2 | O28: 0 | Q28: 2 | R28: 0 | T28: 2 | U28: 1 | W28: 2 | X28: 1
E29: Argentina vs Austria | H29: 4 | I29: 1 | K29: 1 | L29: 1 | N29: 3 | O29: 1 | Q29: 2 | R29: 2 | T29: 2 | U29: 0 | W29: 3 | X29: 0
... E38: Panamá vs Inglaterra | H38: 0 | I38: 2 | K38: 0 | L38: 3 | N38: 1 | O38: 3 | Q38: 2 | R38: 2 | T38: 0 | U38: 1 | W38: 0 | X38: 2
H39: TOTAL PST | J39: =SUM(J14:J38) -> 2 | K39: TOTAL PST | M39: =SUM(M14:M38) -> 6 | N39: TOTAL PST | P39: =SUM(P14:P38) -> 1 | Q39: TOTAL PST | S39: =SUM(S14:S38) -> 1 | T39: TOTAL PST | V39: =SUM(V14:V38) -> 0 | W39: TOTAL PST | Y39: =SUM(Y14:Y38) -> 3
